"seqnames","start","end","width","strand","coverage1","numCs1","numTs1","coverage2","numCs2","numTs2","coverage3","numCs3","numTs3","coverage4","numCs4","numTs4","coverage5","numCs5","numTs5","coverage6","numCs6","numTs6","coverage7","numCs7","numTs7","coverage8","numCs8","numTs8","coverage9","numCs9","numTs9","coverage10","numCs10","numTs10","coverage11","numCs11","numTs11","coverage12","numCs12","numTs12","coverage13","numCs13","numTs13","coverage14","numCs14","numTs14","coverage15","numCs15","numTs15","coverage16","numCs16","numTs16","coverage17","numCs17","numTs17","coverage18","numCs18","numTs18","coverage19","numCs19","numTs19","coverage20","numCs20","numTs20","coverage21","numCs21","numTs21","coverage22","numCs22","numTs22","coverage23","numCs23","numTs23","coverage24","numCs24","numTs24","coverage25","numCs25","numTs25","coverage26","numCs26","numTs26","coverage27","numCs27","numTs27","coverage28","numCs28","numTs28","coverage29","numCs29","numTs29","coverage30","numCs30","numTs30","coverage31","numCs31","numTs31","coverage32","numCs32","numTs32","coverage33","numCs33","numTs33","coverage34","numCs34","numTs34","coverage35","numCs35","numTs35","coverage36","numCs36","numTs36","coverage37","numCs37","numTs37","coverage38","numCs38","numTs38","coverage39","numCs39","numTs39","coverage40","numCs40","numTs40","coord_key"
"chr1",1168752,1168752,1,"*",20,16,4,NA,NA,NA,NA,NA,NA,10,9,1,NA,NA,NA,NA,NA,NA,18,14,4,17,15,2,11,9,2,NA,NA,NA,12,9,3,20,18,2,21,17,4,12,9,3,NA,NA,NA,NA,NA,NA,28,25,3,33,28,5,18,13,5,11,11,0,11,9,2,NA,NA,NA,18,16,2,10,10,0,21,21,0,21,19,2,16,16,0,11,11,0,14,14,0,17,16,1,15,15,0,11,10,1,29,27,2,16,16,0,26,26,0,10,10,0,17,15,2,22,19,3,27,26,1,52,50,2,"chr1_1168752"
"chr1",1439405,1439405,1,"*",NA,NA,NA,NA,NA,NA,NA,NA,NA,NA,NA,NA,NA,NA,NA,NA,NA,NA,NA,NA,NA,11,5,6,10,7,3,NA,NA,NA,12,5,7,NA,NA,NA,NA,NA,NA,NA,NA,NA,NA,NA,NA,10,7,3,15,8,7,17,8,9,10,7,3,NA,NA,NA,12,6,6,NA,NA,NA,NA,NA,NA,NA,NA,NA,NA,NA,NA,11,8,3,NA,NA,NA,NA,NA,NA,NA,NA,NA,NA,NA,NA,14,11,3,NA,NA,NA,26,20,6,NA,NA,NA,NA,NA,NA,NA,NA,NA,NA,NA,NA,17,12,5,27,26,1,133,123,10,"chr1_1439405"
"chr1",1713469,1713469,1,"*",18,0,18,14,9,5,28,18,10,19,0,19,17,0,17,21,0,21,49,22,27,31,1,30,29,0,29,13,0,13,27,0,27,28,15,13,17,0,17,16,0,16,32,19,13,57,25,32,43,17,26,55,17,38,40,0,40,36,0,36,13,0,13,22,0,22,36,0,36,25,0,25,27,0,27,21,0,21,31,0,31,32,0,32,29,0,29,23,0,23,25,1,24,35,0,35,42,0,42,35,0,35,26,0,26,32,0,32,20,0,20,36,0,36,28,2,26,25,0,25,"chr1_1713469"
"chr1",1713654,1713654,1,"*",NA,NA,NA,10,5,5,16,9,7,20,12,8,NA,NA,NA,NA,NA,NA,34,21,13,15,0,15,15,0,15,14,0,14,15,0,15,26,15,11,NA,NA,NA,NA,NA,NA,18,16,2,34,19,15,41,32,9,38,15,23,21,0,21,12,0,12,NA,NA,NA,12,0,12,21,0,21,11,0,11,14,0,14,13,0,13,17,0,17,12,0,12,13,0,13,NA,NA,NA,11,0,11,20,0,20,22,0,22,21,0,21,NA,NA,NA,NA,NA,NA,NA,NA,NA,17,0,17,16,0,16,11,0,11,"chr1_1713654"
"chr1",1722360,1722360,1,"*",30,0,30,35,19,16,28,13,15,26,11,15,20,0,20,35,0,35,66,30,36,47,0,47,35,0,35,24,0,24,45,0,45,32,17,15,28,0,28,29,0,29,33,13,20,47,20,27,53,26,27,61,23,38,52,0,52,34,0,34,17,0,17,14,0,14,42,0,42,31,0,31,19,0,19,36,0,36,39,0,39,21,0,21,30,2,28,43,0,43,17,1,16,25,1,24,34,0,34,42,0,42,15,0,15,21,0,21,18,0,18,46,0,46,25,1,24,29,0,29,"chr1_1722360"
"chr1",16367190,16367190,1,"*",14,0,14,11,0,11,NA,NA,NA,12,0,12,NA,NA,NA,NA,NA,NA,NA,NA,NA,NA,NA,NA,11,0,11,11,0,11,15,0,15,17,0,17,10,0,10,14,0,14,NA,NA,NA,14,0,14,14,0,14,28,0,28,15,0,15,15,0,15,17,0,17,NA,NA,NA,NA,NA,NA,12,0,12,NA,NA,NA,NA,NA,NA,12,0,12,15,0,15,NA,NA,NA,21,4,17,13,0,13,NA,NA,NA,10,0,10,17,0,17,15,0,15,NA,NA,NA,NA,NA,NA,NA,NA,NA,20,6,14,29,8,21,"chr1_16367190"
"chr1",18631363,18631363,1,"*",NA,NA,NA,NA,NA,NA,NA,NA,NA,NA,NA,NA,11,0,11,NA,NA,NA,NA,NA,NA,NA,NA,NA,11,0,11,NA,NA,NA,10,0,10,12,0,12,12,0,12,NA,NA,NA,10,0,10,NA,NA,NA,12,0,12,18,0,18,12,0,12,16,0,16,12,0,12,NA,NA,NA,NA,NA,NA,NA,NA,NA,11,0,11,NA,NA,NA,NA,NA,NA,NA,NA,NA,10,2,8,15,4,11,NA,NA,NA,NA,NA,NA,18,0,18,NA,NA,NA,NA,NA,NA,11,1,10,11,0,11,13,1,12,13,3,10,35,7,28,"chr1_18631363"
"chr1",21937118,21937118,1,"*",NA,NA,NA,NA,NA,NA,NA,NA,NA,NA,NA,NA,10,0,10,NA,NA,NA,NA,NA,NA,NA,NA,NA,12,0,12,NA,NA,NA,11,0,11,NA,NA,NA,NA,NA,NA,NA,NA,NA,NA,NA,NA,NA,NA,NA,11,0,11,12,0,12,NA,NA,NA,NA,NA,NA,NA,NA,NA,NA,NA,NA,NA,NA,NA,NA,NA,NA,NA,NA,NA,NA,NA,NA,NA,NA,NA,NA,NA,NA,NA,NA,NA,NA,NA,NA,NA,NA,NA,NA,NA,NA,13,2,11,NA,NA,NA,NA,NA,NA,NA,NA,NA,NA,NA,NA,11,1,10,11,1,10,45,17,28,"chr1_21937118"
"chr1",35620652,35620652,1,"*",13,9,4,22,15,7,NA,NA,NA,18,12,6,21,17,4,12,9,3,23,21,2,16,14,2,18,12,6,16,11,5,21,17,4,10,8,2,17,14,3,21,19,2,NA,NA,NA,24,20,4,29,23,6,36,30,6,27,21,6,21,17,4,14,13,1,17,15,2,29,25,4,24,23,1,21,21,0,20,18,2,22,20,2,16,14,2,20,20,0,19,16,3,30,28,2,26,23,3,27,24,3,19,19,0,22,19,3,18,17,1,21,19,2,38,33,5,18,18,0,38,34,4,"chr1_35620652"
"chr1",36341096,36341096,1,"*",19,11,8,13,7,6,10,4,6,14,9,5,16,9,7,20,13,7,20,11,9,17,13,4,21,12,9,11,4,7,22,12,10,21,8,13,22,17,5,25,15,10,14,9,5,16,11,5,23,14,9,23,14,9,28,18,10,20,8,12,15,8,7,15,12,3,18,15,3,14,11,3,16,10,6,19,16,3,18,14,4,14,10,4,21,14,7,12,4,8,26,19,7,18,13,5,36,29,7,21,15,6,29,22,7,21,15,6,26,19,7,26,22,4,29,22,7,46,35,11,"chr1_36341096"
"chr1",45913295,45913295,1,"*",29,15,14,26,19,7,17,9,8,23,12,11,34,20,14,32,17,15,26,15,11,38,19,19,37,22,15,36,13,23,43,30,13,27,20,7,32,21,11,33,20,13,21,18,3,46,30,16,37,23,14,45,25,20,36,23,13,48,25,23,33,21,12,21,16,5,39,28,11,53,39,14,42,31,11,33,25,8,42,33,9,27,18,9,41,31,10,26,19,7,50,36,14,41,28,13,52,35,17,33,19,14,29,21,8,37,30,7,42,31,11,38,30,8,27,20,7,43,26,17,"chr1_45913295"
"chr1",58803200,58803200,1,"*",21,11,10,NA,NA,NA,17,10,7,25,12,13,16,8,8,33,19,14,23,9,14,30,15,15,31,13,18,27,13,14,29,14,15,21,12,9,30,22,8,24,12,12,19,14,5,38,17,21,31,17,14,39,18,21,35,21,14,26,16,10,18,10,8,18,14,4,28,20,8,48,27,21,33,22,11,13,8,5,14,12,2,16,11,5,37,27,10,44,36,8,22,13,9,20,12,8,19,12,7,25,20,5,28,17,11,29,20,9,36,29,7,34,24,10,26,15,11,39,23,16,"chr1_58803200"
"chr1",60953545,60953545,1,"*",35,27,8,25,20,5,22,17,5,30,26,4,27,17,10,40,26,14,23,16,7,26,19,7,56,40,16,28,20,8,33,23,10,27,23,4,22,18,4,28,21,7,18,15,3,44,37,7,49,39,10,41,34,7,41,34,7,38,33,5,22,18,4,16,14,2,21,18,3,38,28,10,30,30,0,32,27,5,36,29,7,28,26,2,23,20,3,35,31,4,36,29,7,38,35,3,40,37,3,45,42,3,32,27,5,36,31,5,47,43,4,37,33,4,26,24,2,31,26,5,"chr1_60953545"
"chr1",69847746,69847746,1,"*",29,19,10,39,29,10,30,19,11,25,15,10,39,26,13,45,28,17,31,24,7,36,27,9,51,29,22,35,20,15,31,21,10,23,17,6,38,29,9,31,21,10,27,20,7,54,34,20,49,30,19,43,25,18,61,39,22,31,21,10,28,21,7,26,21,5,41,31,10,37,30,7,45,39,6,30,18,12,35,28,7,36,28,8,31,23,8,39,31,8,51,38,13,41,35,6,33,27,6,58,47,11,36,28,8,27,27,0,44,32,12,33,27,6,22,21,1,37,28,9,"chr1_69847746"
"chr1",75881884,75881884,1,"*",37,22,15,48,28,20,44,24,20,31,21,10,32,22,10,54,34,20,28,17,11,43,27,16,54,39,15,51,26,25,48,24,24,38,25,13,55,33,22,36,21,15,53,37,16,29,16,13,53,27,26,36,17,19,50,33,17,39,27,12,35,23,12,38,25,13,44,33,11,32,22,10,35,28,7,35,19,16,53,34,19,30,18,12,42,31,11,37,28,9,63,46,17,46,38,8,29,20,9,48,36,12,45,35,10,32,22,10,45,34,11,40,33,7,26,17,9,40,29,11,"chr1_75881884"
"chr1",111895708,111895708,1,"*",21,2,19,22,5,17,10,0,10,15,1,14,17,5,12,15,2,13,22,2,20,26,3,23,24,5,19,15,2,13,34,5,29,19,3,16,24,4,20,18,3,15,10,1,9,28,2,26,19,1,18,36,4,32,NA,NA,NA,17,1,16,25,4,21,22,8,14,13,2,11,20,2,18,25,4,21,21,5,16,19,2,17,20,6,14,21,4,17,31,11,20,29,5,24,19,6,13,41,13,28,19,7,12,24,5,19,25,7,18,25,8,17,22,6,16,26,4,22,49,17,32,"chr1_111895708"
"chr1",146878364,146878364,1,"*",16,1,15,20,0,20,15,0,15,17,0,17,28,1,27,28,2,26,20,15,5,26,16,10,26,1,25,27,7,20,21,11,10,24,3,21,19,8,11,31,14,17,22,2,20,43,23,20,28,13,15,40,28,12,30,1,29,31,31,0,18,0,18,21,16,5,24,23,1,21,21,0,28,26,2,27,14,13,31,18,13,23,22,1,30,15,15,28,17,11,46,45,1,30,28,2,34,19,15,39,20,19,46,45,1,36,36,0,29,28,1,25,16,9,48,47,1,29,27,2,"chr1_146878364"
"chr1",151132534,151132534,1,"*",NA,NA,NA,NA,NA,NA,NA,NA,NA,11,1,10,NA,NA,NA,11,0,11,NA,NA,NA,12,0,12,15,3,12,11,1,10,11,3,8,11,3,8,NA,NA,NA,NA,NA,NA,NA,NA,NA,14,1,13,23,4,19,20,4,16,15,3,12,10,2,8,NA,NA,NA,NA,NA,NA,11,3,8,12,6,6,18,6,12,NA,NA,NA,NA,NA,NA,10,3,7,13,5,8,15,10,5,10,4,6,NA,NA,NA,26,10,16,12,4,8,11,3,8,13,6,7,10,3,7,13,4,9,19,6,13,61,44,17,"chr1_151132534"
"chr1",151283129,151283129,1,"*",10,0,10,14,0,14,NA,NA,NA,NA,NA,NA,14,0,14,13,0,13,11,0,11,13,0,13,23,0,23,NA,NA,NA,19,0,19,20,0,20,16,0,16,10,0,10,NA,NA,NA,NA,NA,NA,16,0,16,17,0,17,22,0,22,11,0,11,16,0,16,14,1,13,NA,NA,NA,18,0,18,17,2,15,15,0,15,13,0,13,NA,NA,NA,25,0,25,25,5,20,13,2,11,10,0,10,33,0,33,22,2,20,18,0,18,14,2,12,18,0,18,21,1,20,26,4,22,44,16,28,"chr1_151283129"
"chr1",151611970,151611970,1,"*",10,0,10,10,0,10,NA,NA,NA,NA,NA,NA,13,0,13,12,0,12,NA,NA,NA,12,0,12,16,0,16,12,0,12,17,0,17,NA,NA,NA,11,0,11,18,0,18,NA,NA,NA,13,0,13,22,0,22,14,0,14,12,0,12,21,0,21,NA,NA,NA,NA,NA,NA,12,1,11,19,0,19,20,1,19,NA,NA,NA,23,1,22,11,0,11,14,1,13,12,4,8,20,2,18,17,1,16,22,0,22,11,2,9,14,0,14,16,2,14,10,1,9,18,1,17,22,1,21,49,21,28,"chr1_151611970"
"chr1",154154896,154154896,1,"*",17,17,0,NA,NA,NA,NA,NA,NA,15,15,0,13,13,0,11,11,0,12,11,1,20,19,1,17,17,0,15,15,0,12,12,0,11,10,1,16,15,1,13,12,1,12,12,0,21,21,0,23,22,1,38,38,0,14,14,0,17,15,2,17,15,2,11,5,6,12,12,0,10,10,0,23,21,2,19,18,1,11,10,1,11,10,1,20,20,0,12,12,0,14,14,0,30,15,15,32,22,10,21,12,9,13,11,2,17,16,1,18,16,2,31,18,13,20,16,4,33,25,8,"chr1_154154896"
"chr1",154155016,154155016,1,"*",18,18,0,11,11,0,NA,NA,NA,11,11,0,10,8,2,15,15,0,15,14,1,15,14,1,22,21,1,12,11,1,19,17,2,14,13,1,15,15,0,15,12,3,14,13,1,22,22,0,27,26,1,36,35,1,15,15,0,12,12,0,20,17,3,19,7,12,12,10,2,14,12,2,20,19,1,18,16,2,10,10,0,16,15,1,23,22,1,21,18,3,18,17,1,22,12,10,35,22,13,25,12,13,16,14,2,20,18,2,19,17,2,29,16,13,24,21,3,36,21,15,"chr1_154155016"
"chr1",155901094,155901094,1,"*",27,23,4,20,13,7,15,12,3,24,17,7,20,13,7,18,13,5,21,14,7,20,15,5,17,10,7,17,14,3,30,26,4,36,30,6,29,22,7,22,18,4,19,17,2,37,25,12,36,25,11,33,22,11,30,23,7,32,27,5,15,13,2,16,14,2,27,26,1,30,25,5,38,35,3,25,20,5,17,16,1,30,27,3,34,32,2,25,25,0,26,24,2,28,25,3,43,40,3,36,28,8,35,28,7,31,31,0,30,24,6,33,29,4,24,18,6,36,30,6,"chr1_155901094"
"chr1",160084357,160084357,1,"*",NA,NA,NA,21,6,15,NA,NA,NA,NA,NA,NA,14,3,11,14,5,9,19,7,12,23,7,16,22,7,15,14,6,8,29,7,22,23,8,15,17,2,15,19,7,12,NA,NA,NA,13,3,10,13,4,9,39,12,27,12,2,10,15,4,11,23,8,15,30,17,13,NA,NA,NA,15,5,10,16,4,12,16,7,9,20,8,12,12,5,7,26,9,17,35,19,16,15,5,10,20,9,11,28,13,15,15,8,7,26,8,18,19,8,11,18,8,10,19,6,13,20,11,9,60,40,20,"chr1_160084357"
"chr1",174056664,174056664,1,"*",12,11,1,11,10,1,NA,NA,NA,NA,NA,NA,NA,NA,NA,NA,NA,NA,NA,NA,NA,NA,NA,NA,NA,NA,NA,11,8,3,NA,NA,NA,NA,NA,NA,NA,NA,NA,NA,NA,NA,NA,NA,NA,NA,NA,NA,14,12,2,16,13,3,NA,NA,NA,NA,NA,NA,NA,NA,NA,NA,NA,NA,10,10,0,NA,NA,NA,NA,NA,NA,NA,NA,NA,NA,NA,NA,NA,NA,NA,NA,NA,NA,NA,NA,NA,14,14,0,NA,NA,NA,10,10,0,NA,NA,NA,NA,NA,NA,10,10,0,NA,NA,NA,16,16,0,13,13,0,101,100,1,"chr1_174056664"
"chr1",179765461,179765461,1,"*",32,21,11,17,13,4,17,13,4,23,19,4,23,17,6,28,22,6,20,17,3,34,28,6,38,33,5,21,15,6,23,22,1,22,18,4,30,27,3,27,20,7,18,16,2,39,32,7,39,30,9,44,28,16,33,24,9,28,21,7,24,23,1,19,14,5,29,27,2,27,23,4,29,26,3,21,17,4,30,28,2,24,20,4,26,25,1,29,28,1,43,38,5,19,17,2,38,36,2,30,30,0,40,40,0,29,26,3,28,26,2,44,41,3,30,26,4,39,36,3,"chr1_179765461"
"chr1",180913424,180913424,1,"*",17,2,15,16,1,15,NA,NA,NA,18,1,17,12,0,12,14,2,12,15,1,14,15,1,14,14,2,12,11,1,10,NA,NA,NA,19,0,19,19,2,17,16,3,13,NA,NA,NA,12,2,10,11,0,11,26,2,24,NA,NA,NA,18,3,15,17,2,15,20,4,16,16,2,14,13,5,8,21,4,17,NA,NA,NA,11,2,9,12,2,10,13,2,11,25,6,19,10,2,8,11,0,11,23,2,21,19,4,15,19,5,14,21,3,18,15,3,12,19,7,12,17,3,14,56,24,32,"chr1_180913424"
"chr1",181742852,181742852,1,"*",34,19,15,43,30,13,17,10,7,25,11,14,28,18,10,19,15,4,31,17,14,33,22,11,40,24,16,43,23,20,31,13,18,27,19,8,34,17,17,27,18,9,22,11,11,44,22,22,38,21,17,44,23,21,33,17,16,29,13,16,34,16,18,26,19,7,32,25,7,23,17,6,33,23,10,22,11,11,35,26,9,40,25,15,21,15,6,46,36,10,31,22,9,24,17,7,48,33,15,35,19,16,39,25,14,33,20,13,36,25,11,27,17,10,23,18,5,31,23,8,"chr1_181742852"
"chr1",185318041,185318041,1,"*",22,2,20,24,6,18,15,4,11,24,8,16,30,8,22,19,3,16,21,1,20,13,3,10,30,5,25,44,9,35,27,3,24,35,4,31,29,8,21,18,4,14,20,4,16,26,7,19,33,2,31,33,7,26,36,5,31,34,6,28,31,3,28,23,7,16,24,9,15,25,5,20,22,10,12,23,4,19,33,12,21,20,8,12,34,7,27,25,11,14,28,11,17,29,11,18,20,2,18,19,6,13,35,14,21,27,6,21,29,14,15,25,5,20,33,9,24,40,16,24,"chr1_185318041"
"chr1",204190065,204190065,1,"*",36,26,10,25,17,8,14,13,1,29,21,8,19,16,3,29,20,9,40,35,5,32,24,8,38,29,9,25,17,8,44,33,11,33,19,14,25,20,5,24,20,4,25,21,4,42,32,10,29,18,11,33,24,9,44,31,13,38,28,10,28,20,8,25,20,5,34,29,5,33,25,8,31,26,5,21,17,4,30,27,3,20,14,6,39,32,7,40,37,3,47,41,6,30,28,2,40,39,1,26,20,6,33,31,2,32,27,5,33,30,3,35,29,6,32,27,5,37,32,5,"chr1_204190065"
"chr1",204246068,204246068,1,"*",21,15,6,28,19,9,14,12,2,21,13,8,23,19,4,20,13,7,29,25,4,30,27,3,31,24,7,31,27,4,20,15,5,27,21,6,21,18,3,17,13,4,20,15,5,33,29,4,36,25,11,34,25,9,17,12,5,26,20,6,19,15,4,11,11,0,35,27,8,19,15,4,19,18,1,22,18,4,19,16,3,15,15,0,27,26,1,18,17,1,33,29,4,19,17,2,38,36,2,23,21,2,16,15,1,28,26,2,31,28,3,25,20,5,27,23,4,30,28,2,"chr1_204246068"
"chr1",206480472,206480472,1,"*",NA,NA,NA,NA,NA,NA,NA,NA,NA,15,7,8,13,8,5,14,9,5,15,8,7,12,9,3,13,10,3,NA,NA,NA,11,8,3,14,10,4,13,5,8,15,10,5,NA,NA,NA,17,10,7,25,14,11,48,26,22,20,12,8,16,10,6,17,12,5,17,14,3,22,19,3,19,13,6,27,19,8,17,15,2,12,10,2,11,9,2,21,15,6,13,9,4,21,18,3,14,9,5,22,21,1,24,19,5,24,17,7,23,19,4,25,20,5,27,20,7,21,14,7,32,31,1,"chr1_206480472"
"chr1",209629318,209629318,1,"*",33,28,5,33,31,2,15,14,1,23,21,2,30,25,5,36,28,8,40,35,5,38,32,6,39,35,4,26,24,2,28,23,5,24,20,4,33,30,3,31,27,4,14,12,2,35,27,8,33,31,2,41,38,3,37,34,3,32,29,3,32,29,3,29,16,13,39,29,10,29,18,11,28,25,3,25,15,10,34,28,6,25,20,5,38,30,8,42,32,10,24,20,4,40,32,8,44,37,7,42,34,8,34,30,4,35,30,5,38,28,10,29,24,5,33,23,10,31,23,8,"chr1_209629318"
"chr1",219027316,219027316,1,"*",14,6,8,22,7,15,10,2,8,NA,NA,NA,16,6,10,38,18,20,NA,NA,NA,NA,NA,NA,27,10,17,26,9,17,28,11,17,NA,NA,NA,22,10,12,33,15,18,26,17,9,27,11,16,27,18,9,NA,NA,NA,41,21,20,22,11,11,16,9,7,26,16,10,35,19,16,18,10,8,43,25,18,11,6,5,32,17,15,NA,NA,NA,NA,NA,NA,47,33,14,23,14,9,25,18,7,21,13,8,27,17,10,22,13,9,18,15,3,22,11,11,29,22,7,20,12,8,NA,NA,NA,"chr1_219027316"
"chr1",227786867,227786867,1,"*",11,7,4,16,9,7,NA,NA,NA,12,6,6,NA,NA,NA,NA,NA,NA,12,6,6,17,9,8,17,8,9,25,13,12,10,3,7,11,8,3,20,11,9,11,7,4,NA,NA,NA,16,10,6,16,10,6,31,21,10,21,11,10,15,8,7,12,6,6,22,13,9,12,9,3,14,10,4,23,19,4,NA,NA,NA,21,16,5,13,10,3,10,5,5,15,9,6,13,8,5,15,11,4,29,24,5,20,14,6,15,11,4,17,13,4,16,8,8,16,13,3,26,19,7,39,36,3,"chr1_227786867"
"chr1",227786923,227786923,1,"*",NA,NA,NA,14,5,9,NA,NA,NA,NA,NA,NA,NA,NA,NA,NA,NA,NA,12,7,5,16,8,8,11,5,6,22,11,11,NA,NA,NA,11,8,3,21,11,10,NA,NA,NA,NA,NA,NA,15,6,9,15,6,9,33,16,17,18,8,10,10,3,7,14,6,8,21,12,9,12,8,4,14,10,4,26,18,8,NA,NA,NA,22,14,8,12,8,4,11,4,7,16,13,3,10,8,2,13,5,8,26,20,6,15,10,5,14,8,6,19,13,6,15,12,3,13,7,6,27,18,9,48,39,9,"chr1_227786923"
"chr1",228214310,228214310,1,"*",12,1,11,12,2,10,NA,NA,NA,NA,NA,NA,17,1,16,12,2,10,NA,NA,NA,12,2,10,11,4,7,14,2,12,13,2,11,12,1,11,13,1,12,12,2,10,NA,NA,NA,14,1,13,17,1,16,25,2,23,12,2,10,16,1,15,22,2,20,15,3,12,10,4,6,NA,NA,NA,16,3,13,NA,NA,NA,NA,NA,NA,12,3,9,NA,NA,NA,17,9,8,NA,NA,NA,10,4,6,24,6,18,23,2,21,NA,NA,NA,18,7,11,12,3,9,NA,NA,NA,18,5,13,53,31,22,"chr1_228214310"
"chr1",230364080,230364080,1,"*",26,18,8,32,21,11,14,7,7,16,10,6,23,14,9,26,17,9,28,20,8,25,13,12,39,17,22,26,16,10,34,24,10,26,13,13,18,11,7,22,15,7,15,8,7,38,21,17,37,24,13,42,27,15,32,16,16,27,16,11,23,11,12,18,4,14,26,12,14,32,11,21,22,11,11,39,18,21,29,15,14,28,17,11,25,14,11,36,18,18,27,14,13,35,12,23,26,10,16,39,10,29,40,22,18,16,6,10,26,15,11,30,12,18,37,19,18,36,14,22,"chr1_230364080"
"chr1",240682590,240682590,1,"*",34,15,19,21,11,10,26,16,10,25,17,8,15,8,7,32,19,13,39,22,17,24,15,9,36,27,9,29,18,11,38,23,15,26,16,10,17,13,4,20,14,6,26,17,9,40,24,16,46,26,20,25,16,9,32,20,12,14,8,6,19,13,6,14,12,2,19,14,5,32,23,9,38,25,13,25,18,7,22,13,9,25,18,7,35,25,10,29,25,4,38,31,7,27,21,6,42,32,10,40,33,7,32,22,10,32,26,6,25,17,8,28,19,9,NA,NA,NA,22,16,6,"chr1_240682590"
"chr10",123944954,123944954,1,"*",32,22,10,21,17,4,21,10,11,17,13,4,23,12,11,48,33,15,28,20,8,24,21,3,41,31,10,25,18,7,30,24,6,24,19,5,27,18,9,24,21,3,20,14,6,39,27,12,46,29,17,50,34,16,32,21,11,33,23,10,33,22,11,13,11,2,27,24,3,27,20,7,35,34,1,29,25,4,32,25,7,26,23,3,34,29,5,36,30,6,26,20,6,25,23,2,30,25,5,21,17,4,30,21,9,39,33,6,28,23,5,32,27,5,28,21,7,34,25,9,"chr10_123944954"
"chr10",129466742,129466742,1,"*",NA,NA,NA,12,1,11,NA,NA,NA,11,2,9,12,2,10,11,3,8,11,0,11,12,2,10,22,0,22,18,1,17,12,1,11,17,3,14,13,2,11,NA,NA,NA,11,1,10,NA,NA,NA,12,1,11,30,2,28,19,3,16,17,0,17,24,3,21,17,3,14,11,3,8,13,1,12,15,5,10,11,2,9,17,3,14,10,0,10,10,3,7,19,7,12,12,4,8,18,8,10,24,5,19,15,3,12,10,2,8,19,5,14,14,4,10,19,2,17,25,6,19,43,23,20,"chr10_129466742"
"chr11",1193829,1193829,1,"*",12,11,1,NA,NA,NA,NA,NA,NA,NA,NA,NA,NA,NA,NA,NA,NA,NA,11,11,0,NA,NA,NA,11,10,1,NA,NA,NA,NA,NA,NA,NA,NA,NA,NA,NA,NA,NA,NA,NA,NA,NA,NA,NA,NA,NA,19,19,0,21,20,1,19,18,1,NA,NA,NA,NA,NA,NA,NA,NA,NA,11,8,3,NA,NA,NA,10,6,4,NA,NA,NA,NA,NA,NA,NA,NA,NA,NA,NA,NA,NA,NA,NA,13,12,1,NA,NA,NA,16,8,8,13,8,5,NA,NA,NA,11,11,0,10,8,2,13,9,4,13,8,5,36,26,10,"chr11_1193829"
"chr11",2023349,2023349,1,"*",11,8,3,NA,NA,NA,NA,NA,NA,NA,NA,NA,NA,NA,NA,10,9,1,13,11,2,15,15,0,17,13,4,NA,NA,NA,20,19,1,16,13,3,NA,NA,NA,NA,NA,NA,NA,NA,NA,NA,NA,NA,NA,NA,NA,NA,NA,NA,NA,NA,NA,NA,NA,NA,23,21,2,NA,NA,NA,NA,NA,NA,NA,NA,NA,16,3,13,NA,NA,NA,NA,NA,NA,18,12,6,10,1,9,NA,NA,NA,NA,NA,NA,13,0,13,11,2,9,NA,NA,NA,NA,NA,NA,NA,NA,NA,NA,NA,NA,10,2,8,14,11,3,16,3,13,"chr11_2023349"
"chr11",2995965,2995965,1,"*",25,13,12,31,22,9,11,3,8,20,14,6,20,13,7,31,20,11,32,22,10,30,20,10,24,14,10,37,24,13,21,12,9,31,21,10,27,17,10,24,15,9,14,8,6,31,20,11,27,19,8,35,23,12,33,23,10,28,16,12,20,14,6,20,16,4,35,25,10,23,17,6,24,17,7,22,18,4,23,20,3,22,20,2,23,14,9,38,32,6,23,20,3,14,12,2,30,24,6,39,28,11,31,27,4,35,26,9,31,26,5,28,25,3,25,22,3,43,28,15,"chr11_2995965"
"chr11",13669163,13669163,1,"*",12,0,12,19,0,19,NA,NA,NA,NA,NA,NA,13,0,13,16,0,16,19,0,19,15,0,15,21,0,21,19,0,19,10,0,10,NA,NA,NA,14,0,14,22,0,22,11,0,11,17,0,17,22,0,22,27,0,27,25,0,25,21,0,21,14,0,14,12,0,12,11,0,11,18,0,18,18,0,18,15,0,15,11,0,11,14,1,13,17,2,15,17,3,14,23,4,19,13,2,11,31,1,30,17,3,14,19,0,19,27,1,26,18,0,18,24,0,24,28,2,26,59,22,37,"chr11_13669163"
"chr11",14906003,14906003,1,"*",15,7,8,13,5,8,NA,NA,NA,17,2,15,11,6,5,14,6,8,15,9,6,13,10,3,20,9,11,15,10,5,10,2,8,NA,NA,NA,17,5,12,NA,NA,NA,NA,NA,NA,NA,NA,NA,27,13,14,30,11,19,17,5,12,14,8,6,18,2,16,13,10,3,13,9,4,11,8,3,12,11,1,17,6,11,NA,NA,NA,NA,NA,NA,10,8,2,12,8,4,NA,NA,NA,NA,NA,NA,26,16,10,20,14,6,21,12,9,18,13,5,11,9,2,18,11,7,19,18,1,28,20,8,"chr11_14906003"
"chr11",14906085,14906085,1,"*",12,3,9,15,8,7,NA,NA,NA,11,2,9,NA,NA,NA,12,4,8,NA,NA,NA,10,5,5,19,8,11,16,6,10,16,3,13,NA,NA,NA,13,3,10,11,5,6,NA,NA,NA,11,3,8,13,5,8,20,8,12,20,5,15,10,2,8,13,2,11,11,7,4,11,5,6,11,4,7,NA,NA,NA,12,4,8,11,5,6,NA,NA,NA,NA,NA,NA,16,8,8,NA,NA,NA,NA,NA,NA,16,13,3,15,9,6,16,8,8,15,10,5,NA,NA,NA,21,10,11,11,9,2,26,17,9,"chr11_14906085"
"chr11",19870193,19870193,1,"*",19,7,12,19,5,14,NA,NA,NA,20,9,11,15,8,7,11,4,7,20,13,7,29,19,10,29,18,11,17,14,3,15,7,8,20,14,6,31,19,12,12,10,2,15,12,3,28,18,10,37,17,20,40,23,17,25,14,11,26,17,9,19,14,5,25,17,8,24,16,8,24,17,7,23,17,6,15,13,2,30,22,8,20,12,8,26,20,6,27,22,5,25,21,4,22,15,7,49,38,11,26,21,5,31,20,11,29,23,6,23,21,2,24,19,5,16,13,3,49,35,14,"chr11_19870193"
"chr11",35703214,35703214,1,"*",12,12,0,20,19,1,NA,NA,NA,17,16,1,16,15,1,14,14,0,10,10,0,NA,NA,NA,20,20,0,24,23,1,18,17,1,22,21,1,18,18,0,14,13,1,11,11,0,12,12,0,18,18,0,28,27,1,21,21,0,18,17,1,12,12,0,17,6,11,17,6,11,17,17,0,17,10,7,19,18,1,22,11,11,11,9,2,NA,NA,NA,17,16,1,18,8,10,12,12,0,33,17,16,31,19,12,20,19,1,17,5,12,29,29,0,23,7,16,26,26,0,35,15,20,"chr11_35703214"
"chr11",44096166,44096166,1,"*",10,0,10,11,0,11,10,0,10,NA,NA,NA,NA,NA,NA,NA,NA,NA,NA,NA,NA,NA,NA,NA,NA,NA,NA,NA,NA,NA,NA,NA,NA,10,0,10,NA,NA,NA,10,0,10,NA,NA,NA,NA,NA,NA,14,0,14,10,0,10,NA,NA,NA,NA,NA,NA,NA,NA,NA,NA,NA,NA,NA,NA,NA,NA,NA,NA,NA,NA,NA,10,0,10,NA,NA,NA,NA,NA,NA,NA,NA,NA,NA,NA,NA,12,3,9,NA,NA,NA,11,0,11,10,0,10,NA,NA,NA,NA,NA,NA,NA,NA,NA,NA,NA,NA,10,3,7,43,15,28,"chr11_44096166"
"chr11",58424250,58424250,1,"*",46,30,16,27,21,6,26,22,4,24,19,5,27,17,10,37,26,11,33,20,13,48,34,14,44,36,8,48,34,14,38,30,8,24,19,5,47,35,12,23,14,9,38,33,5,44,32,12,48,36,12,33,20,13,45,38,7,34,27,7,39,27,12,36,31,5,38,32,6,35,26,9,38,34,4,30,28,2,54,43,11,44,35,9,21,17,4,35,29,6,42,36,6,36,29,7,43,38,5,47,41,6,34,29,5,26,24,2,35,29,6,46,41,5,33,26,7,44,34,10,"chr11_58424250"
"chr11",58695079,58695079,1,"*",13,9,4,NA,NA,NA,NA,NA,NA,NA,NA,NA,NA,NA,NA,NA,NA,NA,NA,NA,NA,11,6,5,12,9,3,NA,NA,NA,NA,NA,NA,NA,NA,NA,NA,NA,NA,NA,NA,NA,NA,NA,NA,NA,NA,NA,17,10,7,NA,NA,NA,10,9,1,NA,NA,NA,NA,NA,NA,NA,NA,NA,NA,NA,NA,NA,NA,NA,12,1,11,NA,NA,NA,NA,NA,NA,NA,NA,NA,NA,NA,NA,NA,NA,NA,NA,NA,NA,NA,NA,NA,NA,NA,NA,10,3,7,NA,NA,NA,NA,NA,NA,NA,NA,NA,10,2,8,NA,NA,NA,13,0,13,"chr11_58695079"
"chr11",64252623,64252623,1,"*",NA,NA,NA,NA,NA,NA,NA,NA,NA,NA,NA,NA,NA,NA,NA,NA,NA,NA,NA,NA,NA,NA,NA,NA,NA,NA,NA,NA,NA,NA,NA,NA,NA,NA,NA,NA,NA,NA,NA,NA,NA,NA,NA,NA,NA,NA,NA,NA,10,1,9,14,0,14,NA,NA,NA,12,1,11,10,0,10,NA,NA,NA,14,8,6,NA,NA,NA,12,7,5,NA,NA,NA,NA,NA,NA,NA,NA,NA,NA,NA,NA,13,6,7,NA,NA,NA,NA,NA,NA,11,3,8,NA,NA,NA,11,5,6,10,2,8,NA,NA,NA,NA,NA,NA,22,7,15,30,17,13,"chr11_64252623"
"chr11",66723671,66723671,1,"*",22,13,9,16,9,7,17,12,5,21,17,4,16,12,4,20,13,7,21,15,6,20,12,8,26,20,6,19,14,5,27,19,8,23,14,9,26,18,8,27,22,5,15,13,2,30,17,13,32,25,7,41,25,16,38,26,12,41,24,17,19,17,2,17,14,3,35,31,4,27,22,5,27,21,6,24,18,6,24,17,7,17,13,4,29,18,11,21,17,4,34,30,4,27,26,1,47,41,6,32,27,5,22,17,5,40,36,4,32,27,5,33,30,3,29,23,6,45,35,10,"chr11_66723671"
"chr11",67054135,67054135,1,"*",12,0,12,NA,NA,NA,NA,NA,NA,12,1,11,NA,NA,NA,10,2,8,13,1,12,NA,NA,NA,22,2,20,13,0,13,15,0,15,12,1,11,14,1,13,11,0,11,13,2,11,11,0,11,19,4,15,21,1,20,28,2,26,18,0,18,21,4,17,17,3,14,20,4,16,13,4,9,16,5,11,15,2,13,14,4,10,10,1,9,11,2,9,20,4,16,11,2,9,12,1,11,33,6,27,12,5,7,11,3,8,21,6,15,17,5,12,20,4,16,12,4,8,25,4,21,"chr11_67054135"
"chr11",70834365,70834365,1,"*",22,13,9,18,11,7,17,15,2,26,19,7,20,11,9,29,23,6,33,25,8,30,22,8,35,20,15,15,13,2,28,19,9,26,18,8,20,15,5,38,26,12,23,19,4,30,22,8,34,27,7,48,36,12,30,23,7,29,20,9,23,17,6,19,14,5,28,21,7,33,25,8,36,30,6,24,21,3,25,23,2,21,18,3,38,32,6,28,23,5,20,18,2,32,27,5,42,33,9,33,30,3,16,14,2,31,29,2,33,28,5,33,29,4,25,25,0,36,28,8,"chr11_70834365"
"chr11",72590191,72590191,1,"*",10,2,8,12,2,10,NA,NA,NA,11,1,10,NA,NA,NA,NA,NA,NA,NA,NA,NA,NA,NA,NA,11,2,9,11,3,8,14,4,10,13,3,10,18,3,15,10,2,8,NA,NA,NA,NA,NA,NA,21,1,20,22,4,18,22,6,16,10,2,8,NA,NA,NA,10,3,7,NA,NA,NA,16,5,11,11,1,10,11,4,7,NA,NA,NA,12,3,9,NA,NA,NA,24,15,9,13,3,10,NA,NA,NA,30,9,21,16,7,9,16,8,8,11,5,6,10,3,7,17,7,10,16,7,9,65,35,30,"chr11_72590191"
"chr11",72619329,72619329,1,"*",30,14,16,34,8,26,15,6,9,15,7,8,20,11,9,25,11,14,31,21,10,37,22,15,40,15,25,23,12,11,35,16,19,39,17,22,37,12,25,29,12,17,14,6,8,33,13,20,39,18,21,35,17,18,19,11,8,29,14,15,32,22,10,31,18,13,39,26,13,25,13,12,22,14,8,19,13,6,23,10,13,20,9,11,30,17,13,37,27,10,32,20,12,28,19,9,47,29,18,36,25,11,41,22,19,35,25,10,34,22,12,30,17,13,27,15,12,39,29,10,"chr11_72619329"
"chr11",83943643,83943643,1,"*",35,20,15,47,25,22,27,12,15,39,17,22,39,21,18,42,24,18,41,24,17,45,23,22,59,35,24,57,29,28,38,25,13,35,22,13,45,27,18,46,31,15,31,18,13,58,32,26,57,34,23,66,34,32,58,38,20,52,29,23,31,20,11,26,20,6,67,42,25,45,26,19,40,26,14,36,32,4,61,42,19,38,24,14,47,30,17,45,37,8,54,31,23,35,24,11,26,17,9,55,42,13,47,36,11,57,43,14,54,39,15,54,36,18,49,28,21,49,33,16,"chr11_83943643"
"chr11",116505681,116505681,1,"*",25,12,13,29,11,18,24,14,10,39,21,18,19,13,6,34,15,19,29,18,11,25,18,7,36,24,12,19,12,7,27,14,13,23,8,15,38,25,13,42,20,22,20,12,8,40,18,22,42,20,22,49,24,25,42,26,16,43,23,20,35,17,18,27,17,10,29,18,11,32,19,13,26,18,8,31,19,12,30,19,11,38,26,12,27,16,11,47,38,9,34,23,11,39,26,13,44,35,9,48,34,14,42,27,15,34,21,13,41,26,15,34,20,14,34,19,15,37,24,13,"chr11_116505681"
"chr11",117796042,117796042,1,"*",NA,NA,NA,NA,NA,NA,NA,NA,NA,15,0,15,NA,NA,NA,10,0,10,23,0,23,NA,NA,NA,NA,NA,NA,NA,NA,NA,15,0,15,17,0,17,16,0,16,17,0,17,NA,NA,NA,NA,NA,NA,24,0,24,20,0,20,12,0,12,17,0,17,NA,NA,NA,17,1,16,NA,NA,NA,13,2,11,20,2,18,14,0,14,17,0,17,NA,NA,NA,16,0,16,18,3,15,15,2,13,NA,NA,NA,31,0,31,14,2,12,15,1,14,18,1,17,11,2,9,23,0,23,24,4,20,48,14,34,"chr11_117796042"
"chr11",134851982,134851982,1,"*",29,4,25,27,26,1,NA,NA,NA,20,9,11,35,19,16,10,9,1,34,9,25,13,12,1,20,20,0,11,10,1,15,14,1,14,4,10,22,20,2,19,16,3,NA,NA,NA,23,22,1,32,27,5,60,22,38,28,24,4,61,39,22,22,20,2,10,9,1,18,16,2,14,14,0,13,11,2,21,21,0,17,15,2,12,11,1,14,13,1,10,9,1,26,25,1,21,21,0,32,30,2,40,37,3,11,9,2,15,14,1,21,20,1,54,52,2,19,17,2,33,33,0,"chr11_134851982"
"chr11",134851985,134851985,1,"*",29,5,24,28,25,3,NA,NA,NA,21,10,11,35,18,17,10,9,1,34,10,24,13,12,1,21,20,1,12,11,1,15,13,2,13,3,10,21,18,3,20,18,2,NA,NA,NA,23,22,1,32,27,5,60,25,35,28,24,4,61,34,27,23,19,4,10,9,1,18,16,2,16,13,3,14,12,2,21,20,1,19,14,5,12,11,1,15,14,1,12,12,0,27,26,1,21,20,1,31,30,1,40,37,3,10,9,1,15,14,1,21,19,2,53,46,7,19,17,2,33,33,0,"chr11_134851985"
"chr12",188571,188571,1,"*",14,14,0,NA,NA,NA,NA,NA,NA,NA,NA,NA,NA,NA,NA,NA,NA,NA,16,15,1,18,18,0,10,10,0,NA,NA,NA,NA,NA,NA,NA,NA,NA,18,16,2,13,13,0,NA,NA,NA,12,12,0,15,12,3,29,28,1,NA,NA,NA,15,15,0,11,11,0,19,16,3,NA,NA,NA,12,10,2,12,9,3,NA,NA,NA,NA,NA,NA,14,14,0,NA,NA,NA,NA,NA,NA,12,8,4,17,2,15,12,4,8,18,9,9,14,10,4,12,7,5,10,6,4,10,4,6,18,10,8,32,25,7,"chr12_188571"
"chr12",188608,188608,1,"*",11,11,0,NA,NA,NA,NA,NA,NA,NA,NA,NA,NA,NA,NA,NA,NA,NA,18,13,5,19,18,1,17,17,0,NA,NA,NA,10,10,0,NA,NA,NA,16,14,2,15,14,1,NA,NA,NA,11,10,1,17,13,4,26,22,4,NA,NA,NA,14,12,2,10,10,0,15,12,3,NA,NA,NA,NA,NA,NA,13,9,4,11,6,5,NA,NA,NA,14,12,2,NA,NA,NA,NA,NA,NA,NA,NA,NA,15,1,14,11,1,10,16,6,10,10,9,1,11,3,8,NA,NA,NA,NA,NA,NA,17,10,7,29,16,13,"chr12_188608"
"chr12",27621579,27621579,1,"*",25,17,8,37,24,13,26,18,8,46,30,16,27,15,12,42,24,18,35,25,10,42,28,14,49,33,16,36,24,12,29,16,13,30,22,8,36,22,14,27,18,9,30,20,10,48,36,12,23,12,11,52,32,20,42,29,13,38,25,13,34,27,7,18,14,4,38,26,12,30,24,6,21,14,7,31,22,9,26,19,7,29,22,7,49,31,18,41,36,5,42,33,9,44,33,11,29,21,8,43,34,9,41,35,6,39,34,5,43,35,8,39,31,8,34,24,10,35,30,5,"chr12_27621579"
"chr12",38159830,38159830,1,"*",16,14,2,12,9,3,NA,NA,NA,NA,NA,NA,NA,NA,NA,NA,NA,NA,13,10,3,15,12,3,15,12,3,11,8,3,10,9,1,11,9,2,12,10,2,11,11,0,NA,NA,NA,18,15,3,20,19,1,17,15,2,23,20,3,10,7,3,16,16,0,12,11,1,19,18,1,14,14,0,15,15,0,11,11,0,10,10,0,17,17,0,18,18,0,15,15,0,20,20,0,10,9,1,27,26,1,10,10,0,11,11,0,22,21,1,22,22,0,14,14,0,11,11,0,43,42,1,"chr12_38159830"
"chr12",42788583,42788583,1,"*",16,11,5,NA,NA,NA,NA,NA,NA,10,5,5,NA,NA,NA,11,11,0,NA,NA,NA,NA,NA,NA,12,8,4,10,5,5,NA,NA,NA,NA,NA,NA,10,0,10,10,10,0,NA,NA,NA,19,18,1,14,5,9,NA,NA,NA,20,20,0,10,4,6,16,5,11,NA,NA,NA,NA,NA,NA,11,11,0,10,10,0,NA,NA,NA,13,12,1,NA,NA,NA,11,11,0,11,11,0,19,19,0,14,14,0,19,19,0,14,14,0,NA,NA,NA,20,20,0,17,17,0,14,14,0,12,11,1,32,32,0,"chr12_42788583"
"chr12",46089220,46089220,1,"*",13,7,6,NA,NA,NA,NA,NA,NA,18,14,4,23,16,7,22,16,6,21,10,11,10,4,6,30,26,4,30,24,6,19,13,6,13,10,3,NA,NA,NA,10,7,3,15,9,6,10,3,7,14,7,7,17,9,8,16,9,7,25,17,8,10,4,6,10,6,4,34,16,18,10,5,5,13,2,11,15,4,11,13,4,9,19,12,7,24,5,19,17,5,12,18,6,12,16,7,9,13,7,6,NA,NA,NA,12,0,12,21,9,12,19,7,12,25,12,13,13,5,8,18,3,15,"chr12_46089220"
"chr12",54167734,54167734,1,"*",32,17,15,26,15,11,30,21,9,19,11,8,25,15,10,40,20,20,40,25,15,25,16,9,44,26,18,31,16,15,31,26,5,18,10,8,29,17,12,24,15,9,21,16,5,31,18,13,40,25,15,49,25,24,44,32,12,32,17,15,18,12,6,17,13,4,32,20,12,32,25,7,29,22,7,37,26,11,33,22,11,24,19,5,18,13,5,51,43,8,42,31,11,38,26,12,46,33,13,44,35,9,51,36,15,31,25,6,30,24,6,23,15,8,33,18,15,39,30,9,"chr12_54167734"
"chr12",65170298,65170298,1,"*",13,0,13,16,0,16,NA,NA,NA,NA,NA,NA,11,0,11,10,0,10,19,0,19,14,0,14,22,0,22,12,0,12,NA,NA,NA,12,0,12,12,0,12,NA,NA,NA,NA,NA,NA,17,0,17,22,0,22,28,0,28,17,0,17,18,0,18,15,0,15,NA,NA,NA,10,0,10,16,0,16,19,1,18,13,0,13,NA,NA,NA,NA,NA,NA,NA,NA,NA,15,2,13,12,3,9,12,0,12,22,0,22,16,1,15,NA,NA,NA,14,0,14,11,0,11,15,1,14,19,2,17,42,18,24,"chr12_65170298"
"chr12",111165737,111165737,1,"*",31,11,20,32,8,24,11,3,8,37,18,19,34,19,15,19,12,7,38,12,26,34,14,20,42,23,19,34,17,17,40,20,20,25,16,9,22,8,14,30,14,16,20,12,8,40,16,24,39,16,23,49,15,34,29,10,19,28,12,16,34,16,18,21,13,8,34,21,13,32,20,12,28,13,15,36,23,13,39,18,21,29,15,14,35,14,21,46,33,13,41,27,14,31,18,13,45,31,14,32,21,11,29,18,11,36,19,17,30,18,12,26,15,11,41,24,17,30,18,12,"chr12_111165737"
"chr12",123640909,123640909,1,"*",34,18,16,32,20,12,17,7,10,26,18,8,28,17,11,27,14,13,44,31,13,45,27,18,39,26,13,36,23,13,41,27,14,33,23,10,32,26,6,28,20,8,27,23,4,62,34,28,54,35,19,50,34,16,40,30,10,37,27,10,23,17,6,26,23,3,55,44,11,50,37,13,31,27,4,45,34,11,44,35,9,39,24,15,31,23,8,38,31,7,50,43,7,56,41,15,31,22,9,30,26,4,45,35,10,43,30,13,42,36,6,42,35,7,28,23,5,43,33,10,"chr12_123640909"
"chr12",128909891,128909891,1,"*",35,28,7,32,27,5,25,22,3,43,35,8,28,24,4,48,45,3,34,28,6,38,30,8,53,41,12,43,39,4,45,37,8,33,28,5,44,34,10,37,26,11,31,30,1,59,48,11,53,47,6,61,52,9,60,51,9,45,35,10,38,31,7,33,18,15,48,33,15,38,30,8,35,28,7,34,23,11,46,34,12,39,28,11,55,38,17,47,37,10,54,40,14,56,42,14,54,39,15,51,38,13,46,34,12,42,32,10,38,34,4,61,44,17,34,22,12,60,45,15,"chr12_128909891"
"chr12",132689136,132689136,1,"*",NA,NA,NA,NA,NA,NA,NA,NA,NA,NA,NA,NA,NA,NA,NA,NA,NA,NA,NA,NA,NA,14,11,3,11,4,7,10,2,8,NA,NA,NA,10,3,7,11,3,8,NA,NA,NA,11,8,3,12,3,9,13,4,9,14,6,8,11,4,7,16,9,7,12,7,5,NA,NA,NA,NA,NA,NA,10,9,1,14,11,3,15,11,4,NA,NA,NA,NA,NA,NA,10,9,1,11,7,4,12,8,4,NA,NA,NA,20,17,3,14,14,0,13,12,1,10,5,5,NA,NA,NA,NA,NA,NA,15,12,3,31,27,4,"chr12_132689136"
"chr13",18600590,18600590,1,"*",12,4,8,16,7,9,NA,NA,NA,12,6,6,12,7,5,16,9,7,15,7,8,12,4,8,17,10,7,NA,NA,NA,18,5,13,11,4,7,11,4,7,NA,NA,NA,NA,NA,NA,21,10,11,NA,NA,NA,30,16,14,12,7,5,15,8,7,16,6,10,15,9,6,15,6,9,14,9,5,25,17,8,14,10,4,11,7,4,NA,NA,NA,15,12,3,NA,NA,NA,19,14,5,10,5,5,19,11,8,14,11,3,17,13,4,20,16,4,17,13,4,20,10,10,10,8,2,43,37,6,"chr13_18600590"
"chr13",20435671,20435671,1,"*",10,3,7,13,5,8,NA,NA,NA,NA,NA,NA,12,6,6,NA,NA,NA,NA,NA,NA,10,4,6,10,4,6,NA,NA,NA,11,6,5,15,4,11,NA,NA,NA,16,9,7,NA,NA,NA,NA,NA,NA,13,7,6,17,10,7,10,9,1,13,9,4,10,6,4,NA,NA,NA,19,14,5,NA,NA,NA,12,7,5,NA,NA,NA,NA,NA,NA,NA,NA,NA,NA,NA,NA,17,13,4,15,15,0,NA,NA,NA,12,9,3,16,13,3,12,10,2,20,19,1,11,8,3,10,10,0,14,12,2,55,48,7,"chr13_20435671"
"chr13",20435817,20435817,1,"*",11,7,4,11,7,4,NA,NA,NA,NA,NA,NA,13,9,4,NA,NA,NA,13,12,1,NA,NA,NA,NA,NA,NA,11,8,3,NA,NA,NA,11,5,6,13,10,3,10,8,2,NA,NA,NA,NA,NA,NA,15,10,5,17,10,7,11,7,4,15,13,2,15,9,6,NA,NA,NA,13,11,2,10,10,0,11,9,2,NA,NA,NA,NA,NA,NA,NA,NA,NA,NA,NA,NA,14,12,2,10,10,0,10,8,2,13,13,0,16,15,1,NA,NA,NA,17,15,2,11,10,1,NA,NA,NA,NA,NA,NA,84,78,6,"chr13_20435817"
"chr13",24515576,24515576,1,"*",43,23,20,25,19,6,21,12,9,35,21,14,28,20,8,24,17,7,31,23,8,32,21,11,34,27,7,43,29,14,42,25,17,31,24,7,32,23,9,39,27,12,15,13,2,35,27,8,44,33,11,58,30,28,41,26,15,36,22,14,28,19,9,20,15,5,31,24,7,27,22,5,34,26,8,26,19,7,41,32,9,27,21,6,39,26,13,30,26,4,42,35,7,28,20,8,30,25,5,48,41,7,28,22,6,45,38,7,35,28,7,36,28,8,39,28,11,58,48,10,"chr13_24515576"
"chr13",25513177,25513177,1,"*",10,10,0,NA,NA,NA,NA,NA,NA,NA,NA,NA,NA,NA,NA,NA,NA,NA,12,7,5,10,10,0,14,12,2,NA,NA,NA,NA,NA,NA,NA,NA,NA,NA,NA,NA,NA,NA,NA,NA,NA,NA,NA,NA,NA,14,14,0,11,10,1,13,11,2,NA,NA,NA,NA,NA,NA,NA,NA,NA,10,10,0,NA,NA,NA,11,11,0,11,11,0,NA,NA,NA,NA,NA,NA,13,13,0,NA,NA,NA,NA,NA,NA,NA,NA,NA,14,14,0,NA,NA,NA,10,10,0,15,15,0,16,16,0,18,18,0,18,18,0,68,68,0,"chr13_25513177"
"chr13",35261721,35261721,1,"*",31,25,6,36,22,14,39,29,10,31,26,5,36,26,10,49,35,14,33,28,5,66,54,12,52,36,16,55,41,14,52,39,13,27,18,9,38,33,5,48,34,14,41,29,12,40,28,12,38,33,5,42,29,13,41,36,5,36,30,6,32,28,4,18,15,3,42,34,8,41,34,7,41,38,3,40,34,6,59,48,11,35,33,2,40,36,4,44,37,7,60,52,8,46,42,4,49,45,4,47,42,5,35,27,8,35,30,5,56,49,7,48,40,8,32,30,2,36,29,7,"chr13_35261721"
"chr13",45949682,45949682,1,"*",29,13,16,25,16,9,21,14,7,33,20,13,44,29,15,30,17,13,26,14,12,30,21,9,45,33,12,43,30,13,27,19,8,27,17,10,38,23,15,29,17,12,22,14,8,50,28,22,46,27,19,51,32,19,44,27,17,38,20,18,33,25,8,36,24,12,41,32,9,36,27,9,45,33,12,27,20,7,33,24,9,34,24,10,33,25,8,33,21,12,50,35,15,32,22,10,33,22,11,48,36,12,37,28,9,46,39,7,40,37,3,36,27,9,27,20,7,41,35,6,"chr13_45949682"
"chr13",92415737,92415737,1,"*",35,27,8,16,16,0,41,33,8,24,18,6,27,21,6,19,16,3,29,25,4,35,30,5,29,23,6,32,28,4,17,11,6,24,17,7,32,30,2,33,32,1,30,24,6,37,33,4,45,40,5,29,24,5,29,23,6,18,15,3,21,20,1,13,12,1,29,28,1,18,17,1,32,31,1,28,26,2,21,21,0,31,29,2,20,19,1,19,18,1,58,56,2,37,34,3,39,34,5,31,30,1,23,22,1,21,20,1,33,32,1,31,29,2,31,30,1,34,34,0,"chr13_92415737"
"chr13",110648270,110648270,1,"*",38,20,18,21,15,6,25,13,12,33,23,10,30,15,15,31,19,12,33,20,13,30,18,12,47,27,20,33,22,11,33,18,15,20,12,8,27,14,13,28,19,9,28,19,9,50,25,25,42,17,25,48,30,18,44,23,21,36,22,14,32,26,6,21,14,7,30,23,7,40,26,14,42,30,12,34,23,11,37,22,15,30,21,9,22,14,8,39,30,9,49,37,12,34,23,11,40,32,8,32,20,12,35,26,9,41,37,4,28,19,9,35,27,8,42,28,14,45,39,6,"chr13_110648270"
"chr13",113109555,113109555,1,"*",10,6,4,12,6,6,NA,NA,NA,12,5,7,NA,NA,NA,18,10,8,23,11,12,15,7,8,18,5,13,12,7,5,17,9,8,20,9,11,11,8,3,13,5,8,NA,NA,NA,NA,NA,NA,24,9,15,29,11,18,14,9,5,16,4,12,15,10,5,NA,NA,NA,21,12,9,15,10,5,16,10,6,NA,NA,NA,NA,NA,NA,12,7,5,13,7,6,12,12,0,13,8,5,15,11,4,32,24,8,17,15,2,15,13,2,12,8,4,15,8,7,21,13,8,23,11,12,65,52,13,"chr13_113109555"
"chr14",23503685,23503685,1,"*",37,24,13,41,28,13,33,22,11,36,28,8,33,22,11,52,36,16,36,32,4,48,29,19,39,23,16,39,26,13,43,27,16,28,23,5,39,27,12,36,25,11,31,23,8,50,35,15,40,26,14,49,33,16,51,38,13,48,35,13,24,20,4,34,26,8,41,32,9,43,37,6,34,31,3,42,34,8,51,41,10,37,29,8,40,33,7,53,46,7,44,36,8,61,49,12,38,33,5,48,40,8,42,33,9,40,33,7,45,37,8,47,36,11,47,37,10,54,41,13,"chr14_23503685"
"chr14",30225117,30225117,1,"*",25,20,5,38,27,11,27,18,9,28,22,6,24,20,4,19,11,8,31,21,10,45,29,16,60,44,16,41,28,13,33,24,9,29,23,6,38,26,12,30,23,7,36,29,7,45,35,10,38,27,11,55,35,20,54,35,19,22,15,7,33,24,9,27,25,2,49,41,8,31,23,8,40,34,6,31,28,3,29,22,7,38,29,9,36,27,9,39,34,5,39,30,9,37,32,5,53,39,14,46,39,7,37,30,7,47,41,6,44,39,5,41,28,13,35,33,2,48,41,7,"chr14_30225117"
"chr14",38735198,38735198,1,"*",30,12,18,26,6,20,26,8,18,33,9,24,37,18,19,31,12,19,36,13,23,43,20,23,43,24,19,47,26,21,43,19,24,29,13,16,33,8,25,35,14,21,28,15,13,42,14,28,47,16,31,29,10,19,45,13,32,31,10,21,36,16,20,23,13,10,32,18,14,32,15,17,39,24,15,30,13,17,36,19,17,38,24,14,38,19,19,36,28,8,43,30,13,38,18,20,25,18,7,28,15,13,41,18,23,43,23,20,28,17,11,41,18,23,35,15,20,37,18,19,"chr14_38735198"
"chr14",60721521,60721521,1,"*",13,0,13,NA,NA,NA,NA,NA,NA,15,0,15,NA,NA,NA,NA,NA,NA,12,0,12,NA,NA,NA,12,0,12,10,0,10,NA,NA,NA,NA,NA,NA,13,0,13,NA,NA,NA,NA,NA,NA,NA,NA,NA,12,0,12,21,0,21,13,0,13,20,1,19,17,0,17,15,5,10,NA,NA,NA,11,2,9,15,1,14,12,1,11,NA,NA,NA,17,0,17,14,3,11,15,5,10,19,2,17,NA,NA,NA,27,4,23,17,1,16,15,2,13,15,4,11,NA,NA,NA,21,1,20,26,1,25,37,13,24,"chr14_60721521"
"chr14",60721536,60721536,1,"*",12,0,12,10,0,10,NA,NA,NA,14,0,14,NA,NA,NA,NA,NA,NA,12,0,12,NA,NA,NA,12,0,12,NA,NA,NA,NA,NA,NA,NA,NA,NA,13,0,13,NA,NA,NA,NA,NA,NA,NA,NA,NA,NA,NA,NA,15,0,15,11,0,11,18,0,18,16,0,16,14,1,13,10,1,9,12,0,12,16,1,15,10,1,9,NA,NA,NA,13,0,13,14,3,11,15,5,10,15,3,12,NA,NA,NA,27,3,24,16,2,14,13,2,11,14,4,10,NA,NA,NA,17,1,16,22,2,20,39,16,23,"chr14_60721536"
"chr14",67514900,67514900,1,"*",NA,NA,NA,NA,NA,NA,NA,NA,NA,12,0,12,NA,NA,NA,NA,NA,NA,11,0,11,NA,NA,NA,11,0,11,NA,NA,NA,10,0,10,20,0,20,10,0,10,NA,NA,NA,12,0,12,NA,NA,NA,12,0,12,18,0,18,10,0,10,10,0,10,22,0,22,NA,NA,NA,NA,NA,NA,NA,NA,NA,NA,NA,NA,NA,NA,NA,12,0,12,NA,NA,NA,10,2,8,NA,NA,NA,NA,NA,NA,NA,NA,NA,11,0,11,NA,NA,NA,NA,NA,NA,11,0,11,10,0,10,NA,NA,NA,16,2,14,21,7,14,"chr14_67514900"
"chr14",69024365,69024365,1,"*",18,17,1,12,7,5,17,17,0,16,7,9,14,7,7,13,13,0,27,27,0,14,10,4,20,12,8,14,13,1,22,22,0,17,7,10,12,9,3,21,19,2,21,20,1,28,27,1,21,16,5,32,23,9,19,10,9,21,20,1,11,9,2,22,22,0,25,22,3,23,22,1,28,27,1,26,25,1,28,27,1,23,23,0,22,22,0,25,25,0,28,28,0,27,26,1,32,32,0,25,25,0,19,18,1,19,19,0,28,27,1,32,31,1,33,32,1,32,30,2,"chr14_69024365"
"chr14",70514746,70514746,1,"*",38,20,18,37,27,10,27,20,7,30,20,10,26,17,9,33,20,13,32,23,9,46,31,15,36,21,15,35,24,11,41,28,13,37,24,13,35,26,9,42,27,15,35,25,10,61,38,23,44,31,13,38,32,6,49,30,19,30,24,6,38,19,19,23,16,7,43,32,11,41,30,11,57,48,9,53,38,15,50,39,11,49,38,11,45,35,10,34,29,5,45,32,13,42,32,10,46,38,8,62,45,17,37,30,7,41,31,10,50,43,7,49,39,10,37,27,10,45,34,11,"chr14_70514746"
"chr14",73116059,73116059,1,"*",22,11,11,17,10,7,19,10,9,24,15,9,22,12,10,36,19,17,24,10,14,41,22,19,38,20,18,32,18,14,28,16,12,20,9,11,34,15,19,34,15,19,30,15,15,40,27,13,44,21,23,39,14,25,38,21,17,43,20,23,21,15,6,23,16,7,32,21,11,41,25,16,39,27,12,21,13,8,28,18,10,20,14,6,30,20,10,20,16,4,42,24,18,30,16,14,45,31,14,30,23,7,37,20,17,36,30,6,41,29,12,35,22,13,38,20,18,33,21,12,"chr14_73116059"
"chr14",73750316,73750316,1,"*",34,11,23,37,13,24,16,6,10,27,10,17,20,5,15,25,8,17,28,10,18,24,5,19,41,11,30,33,13,20,29,7,22,27,8,19,37,18,19,24,9,15,24,9,15,49,14,35,34,7,27,40,11,29,25,11,14,30,11,19,22,3,19,27,14,13,45,19,26,23,12,11,20,11,9,35,11,24,25,11,14,29,13,16,40,15,25,47,24,23,38,19,19,41,19,22,44,21,23,37,18,19,30,9,21,39,22,17,24,11,13,37,15,22,30,15,15,41,13,28,"chr14_73750316"
"chr14",76429092,76429092,1,"*",NA,NA,NA,NA,NA,NA,NA,NA,NA,NA,NA,NA,NA,NA,NA,10,0,10,10,0,10,12,0,12,11,0,11,NA,NA,NA,NA,NA,NA,12,0,12,NA,NA,NA,NA,NA,NA,NA,NA,NA,17,0,17,NA,NA,NA,NA,NA,NA,14,0,14,14,0,14,12,0,12,23,15,8,NA,NA,NA,21,17,4,NA,NA,NA,NA,NA,NA,NA,NA,NA,NA,NA,NA,20,14,6,17,11,6,NA,NA,NA,NA,NA,NA,27,14,13,NA,NA,NA,13,1,12,12,1,11,20,12,8,11,1,10,11,3,8,NA,NA,NA,"chr14_76429092"
"chr14",96392099,96392099,1,"*",NA,NA,NA,12,0,12,NA,NA,NA,11,0,11,NA,NA,NA,NA,NA,NA,10,0,10,NA,NA,NA,NA,NA,NA,10,0,10,NA,NA,NA,11,0,11,NA,NA,NA,NA,NA,NA,NA,NA,NA,16,0,16,18,0,18,24,0,24,15,0,15,10,0,10,12,0,12,11,0,11,NA,NA,NA,NA,NA,NA,14,1,13,NA,NA,NA,15,1,14,NA,NA,NA,14,1,13,15,2,13,NA,NA,NA,10,0,10,20,1,19,15,1,14,14,0,14,13,2,11,NA,NA,NA,12,0,12,13,3,10,55,18,37,"chr14_96392099"
"chr14",99620088,99620088,1,"*",22,13,9,16,13,3,10,7,3,13,11,2,17,14,3,18,17,1,20,11,9,17,12,5,21,16,5,22,18,4,16,12,4,21,16,5,24,19,5,15,13,2,13,11,2,30,24,6,27,19,8,33,27,6,24,16,8,25,19,6,21,17,4,22,19,3,25,21,4,25,21,4,32,27,5,29,26,3,30,26,4,19,14,5,20,19,1,19,18,1,18,18,0,15,13,2,34,27,7,32,30,2,19,17,2,26,21,5,17,15,2,29,29,0,23,22,1,38,37,1,"chr14_99620088"
"chr14",99828869,99828869,1,"*",21,14,7,32,26,6,27,18,9,26,23,3,32,26,6,25,18,7,28,24,4,31,28,3,34,25,9,28,22,6,31,24,7,25,20,5,28,27,1,30,25,5,27,26,1,38,30,8,52,47,5,42,31,11,36,30,6,41,32,9,15,13,2,18,17,1,25,22,3,17,16,1,28,26,2,39,37,2,27,24,3,23,23,0,33,30,3,26,26,0,37,35,2,29,25,4,28,25,3,36,35,1,35,33,2,40,38,2,29,27,2,20,19,1,29,26,3,36,34,2,"chr14_99828869"
"chr14",100347285,100347285,1,"*",19,12,7,16,15,1,10,8,2,14,14,0,15,14,1,17,15,2,19,15,4,24,20,4,30,26,4,20,13,7,37,32,5,25,21,4,20,15,5,27,21,6,13,12,1,25,22,3,37,28,9,36,34,2,19,13,6,27,19,8,27,18,9,11,9,2,23,21,2,21,19,2,18,17,1,22,22,0,18,17,1,19,16,3,19,17,2,32,30,2,23,23,0,19,18,1,36,35,1,22,19,3,18,17,1,29,28,1,29,27,2,30,28,2,23,20,3,46,43,3,"chr14_100347285"
"chr14",100347308,100347308,1,"*",17,8,9,15,12,3,10,8,2,13,9,4,15,9,6,15,12,3,18,12,6,25,20,5,28,24,4,15,10,5,33,24,9,19,12,7,21,12,9,29,20,9,15,11,4,21,19,2,33,20,13,30,23,7,20,13,7,27,16,11,25,15,10,12,10,2,21,19,2,16,12,4,21,16,5,21,17,4,19,16,3,18,16,2,16,10,6,33,32,1,19,14,5,20,17,3,33,30,3,21,19,2,14,12,2,23,18,5,31,27,4,25,24,1,21,19,2,43,38,5,"chr14_100347308"
"chr15",41629705,41629705,1,"*",31,16,15,27,17,10,25,12,13,24,15,9,29,16,13,27,20,7,33,21,12,34,24,10,38,24,14,29,16,13,35,25,10,22,16,6,31,26,5,22,12,10,29,20,9,38,21,17,39,19,20,45,29,16,27,14,13,37,20,17,18,11,7,17,12,5,29,22,7,34,26,8,39,30,9,25,19,6,26,19,7,23,15,8,25,19,6,25,24,1,35,28,7,37,26,11,39,34,5,41,31,10,26,20,6,28,24,4,33,26,7,44,28,16,27,22,5,40,29,11,"chr15_41629705"
"chr15",41629707,41629707,1,"*",31,16,15,28,17,11,25,12,13,24,15,9,30,18,12,27,18,9,34,24,10,34,25,9,38,25,13,28,16,12,36,27,9,23,16,7,30,24,6,21,12,9,30,19,11,38,27,11,39,17,22,46,29,17,28,11,17,37,19,18,21,12,9,16,11,5,30,23,7,33,25,8,38,30,8,25,19,6,26,18,8,23,16,7,25,18,7,26,25,1,35,31,4,37,28,9,39,35,4,41,32,9,25,19,6,30,23,7,31,27,4,44,29,15,26,21,5,41,29,12,"chr15_41629707"
"chr15",43849561,43849561,1,"*",25,21,4,24,19,5,18,16,2,13,12,1,27,23,4,28,21,7,23,17,6,11,8,3,24,17,7,28,20,8,34,28,6,20,14,6,30,27,3,23,17,6,26,20,6,27,20,7,19,15,4,38,24,14,34,24,10,29,22,7,24,21,3,15,11,4,31,29,2,21,19,2,24,22,2,23,23,0,24,23,1,27,24,3,25,21,4,24,23,1,30,27,3,30,28,2,27,27,0,18,15,3,41,38,3,29,27,2,28,24,4,NA,NA,NA,27,22,5,38,35,3,"chr15_43849561"
"chr15",88021905,88021905,1,"*",19,8,11,25,17,8,12,6,6,20,18,2,17,14,3,18,13,5,24,16,8,30,22,8,29,21,8,18,13,5,31,21,10,27,22,5,31,23,8,16,15,1,13,10,3,34,27,7,36,25,11,47,33,14,33,24,9,39,30,9,25,19,6,25,22,3,27,23,4,36,30,6,25,20,5,27,25,2,23,18,5,24,19,5,14,11,3,25,21,4,33,29,4,28,25,3,33,29,4,25,22,3,33,26,7,48,44,4,27,25,2,35,33,2,30,24,6,28,21,7,"chr15_88021905"
"chr15",101439863,101439863,1,"*",34,20,14,34,22,12,24,20,4,25,18,7,25,19,6,30,22,8,33,25,8,32,26,6,39,29,10,31,23,8,44,40,4,31,26,5,41,30,11,25,18,7,25,21,4,45,35,10,36,31,5,48,38,10,30,25,5,29,22,7,37,31,6,27,24,3,42,36,6,14,13,1,25,23,2,31,27,4,28,25,3,33,32,1,27,26,1,42,36,6,42,39,3,34,29,5,37,34,3,38,32,6,36,33,3,39,30,9,30,30,0,31,25,6,33,28,5,38,34,4,"chr15_101439863"
"chr16",9943726,9943726,1,"*",27,20,7,37,24,13,15,7,8,21,14,7,22,20,2,41,30,11,32,20,12,24,18,6,35,20,15,25,18,7,21,13,8,21,14,7,31,20,11,26,17,9,22,11,11,50,35,15,43,31,12,42,29,13,36,24,12,28,19,9,28,21,7,33,27,6,44,37,7,26,20,6,36,29,7,29,24,5,52,37,15,27,22,5,25,21,4,27,25,2,47,35,12,37,32,5,41,34,7,37,32,5,38,30,8,26,20,6,41,31,10,35,28,7,34,23,11,45,37,8,"chr16_9943726"
"chr16",32348435,32348435,1,"*",13,6,7,10,5,5,NA,NA,NA,13,5,8,NA,NA,NA,14,7,7,10,8,2,23,15,8,10,5,5,18,13,5,12,8,4,17,11,6,NA,NA,NA,21,12,9,NA,NA,NA,NA,NA,NA,15,9,6,39,20,19,14,9,5,10,6,4,NA,NA,NA,NA,NA,NA,17,10,7,15,8,7,15,11,4,NA,NA,NA,12,8,4,13,10,3,15,12,3,16,12,4,25,20,5,NA,NA,NA,15,11,4,16,12,4,13,11,2,17,11,6,22,14,8,27,24,3,28,20,8,152,134,18,"chr16_32348435"
"chr16",34160908,34160908,1,"*",33,8,25,18,3,15,18,4,14,24,8,16,24,7,17,26,4,22,28,7,21,25,8,17,52,14,38,26,7,19,33,9,24,24,3,21,19,5,14,32,9,23,16,6,10,29,10,19,42,12,30,58,16,42,37,5,32,40,5,35,49,14,35,24,8,16,24,7,17,25,10,15,27,9,18,18,6,12,27,14,13,24,10,14,31,8,23,44,21,23,44,16,28,36,16,20,46,12,34,36,16,20,46,22,24,49,18,31,27,11,16,49,13,36,35,16,19,45,18,27,"chr16_34160908"
"chr16",48631537,48631537,1,"*",NA,NA,NA,NA,NA,NA,NA,NA,NA,NA,NA,NA,15,11,4,NA,NA,NA,10,4,6,NA,NA,NA,NA,NA,NA,NA,NA,NA,NA,NA,NA,NA,NA,NA,NA,NA,NA,NA,NA,NA,NA,NA,NA,12,9,3,NA,NA,NA,NA,NA,NA,NA,NA,NA,NA,NA,NA,10,7,3,NA,NA,NA,NA,NA,NA,NA,NA,NA,NA,NA,NA,NA,NA,NA,NA,NA,NA,NA,NA,NA,NA,NA,NA,NA,NA,NA,NA,NA,NA,NA,NA,NA,12,12,0,NA,NA,NA,13,13,0,NA,NA,NA,10,10,0,NA,NA,NA,10,10,0,16,16,0,"chr16_48631537"
"chr16",56676534,56676534,1,"*",13,5,8,NA,NA,NA,NA,NA,NA,NA,NA,NA,NA,NA,NA,12,5,7,NA,NA,NA,17,6,11,14,7,7,NA,NA,NA,14,5,9,10,6,4,10,6,4,12,7,5,NA,NA,NA,16,4,12,13,4,9,26,11,15,16,4,12,12,4,8,10,2,8,NA,NA,NA,15,8,7,11,5,6,13,10,3,NA,NA,NA,18,10,8,16,11,5,NA,NA,NA,10,6,4,11,7,4,11,5,6,19,12,7,13,6,7,14,10,4,21,15,6,17,7,10,22,18,4,16,12,4,20,13,7,"chr16_56676534"
"chr16",62724944,62724944,1,"*",NA,NA,NA,NA,NA,NA,NA,NA,NA,NA,NA,NA,10,9,1,NA,NA,NA,NA,NA,NA,NA,NA,NA,NA,NA,NA,11,10,1,10,9,1,NA,NA,NA,11,8,3,NA,NA,NA,NA,NA,NA,NA,NA,NA,13,12,1,18,17,1,NA,NA,NA,NA,NA,NA,16,13,3,NA,NA,NA,NA,NA,NA,NA,NA,NA,11,11,0,NA,NA,NA,11,11,0,NA,NA,NA,NA,NA,NA,NA,NA,NA,NA,NA,NA,NA,NA,NA,12,12,0,11,11,0,NA,NA,NA,11,11,0,NA,NA,NA,10,10,0,15,15,0,86,86,0,"chr16_62724944"
"chr16",73186941,73186941,1,"*",38,23,15,33,26,7,35,27,8,30,21,9,30,22,8,33,21,12,38,27,11,40,28,12,45,29,16,31,22,9,43,28,15,35,23,12,33,24,9,23,15,8,44,32,12,40,28,12,42,28,14,62,40,22,53,37,16,41,25,16,33,22,11,28,23,5,42,30,12,56,43,13,37,29,8,40,31,9,32,25,7,29,26,3,43,31,12,39,34,5,50,42,8,46,36,10,38,34,4,27,23,4,23,20,3,28,26,2,36,29,7,35,28,7,33,20,13,37,29,8,"chr16_73186941"
"chr16",82329204,82329204,1,"*",22,13,9,20,11,9,10,3,7,18,9,9,17,7,10,21,11,10,18,11,7,23,13,10,25,16,9,26,13,13,27,15,12,11,9,2,17,11,6,20,10,10,21,16,5,22,14,8,38,20,18,32,9,23,31,17,14,24,11,13,15,9,6,12,9,3,17,13,4,26,19,7,27,23,4,20,15,5,25,17,8,17,13,4,23,17,6,21,16,5,19,13,6,23,15,8,27,20,7,27,24,3,26,20,6,24,13,11,33,21,12,35,19,16,33,26,7,25,14,11,"chr16_82329204"
"chr17",4455619,4455619,1,"*",13,4,9,NA,NA,NA,NA,NA,NA,NA,NA,NA,NA,NA,NA,NA,NA,NA,NA,NA,NA,10,4,6,NA,NA,NA,NA,NA,NA,NA,NA,NA,13,6,7,NA,NA,NA,13,9,4,NA,NA,NA,16,8,8,16,10,6,11,4,7,17,6,11,10,4,6,NA,NA,NA,NA,NA,NA,NA,NA,NA,17,13,4,18,14,4,16,9,7,16,13,3,NA,NA,NA,14,10,4,11,10,1,13,8,5,11,6,5,21,16,5,12,9,3,NA,NA,NA,NA,NA,NA,11,8,3,22,17,5,17,11,6,31,23,8,"chr17_4455619"
"chr17",13082384,13082384,1,"*",NA,NA,NA,NA,NA,NA,NA,NA,NA,14,12,2,NA,NA,NA,NA,NA,NA,11,11,0,21,5,16,NA,NA,NA,NA,NA,NA,NA,NA,NA,NA,NA,NA,NA,NA,NA,NA,NA,NA,NA,NA,NA,NA,NA,NA,NA,NA,NA,NA,NA,NA,22,7,15,NA,NA,NA,NA,NA,NA,11,10,1,26,25,1,NA,NA,NA,NA,NA,NA,NA,NA,NA,21,21,0,37,36,1,14,14,0,17,16,1,26,24,2,NA,NA,NA,13,13,0,NA,NA,NA,21,21,0,14,14,0,NA,NA,NA,NA,NA,NA,NA,NA,NA,NA,NA,NA,"chr17_13082384"
"chr17",15917588,15917588,1,"*",12,0,12,11,1,10,NA,NA,NA,NA,NA,NA,10,0,10,12,0,12,NA,NA,NA,NA,NA,NA,NA,NA,NA,NA,NA,NA,11,1,10,15,1,14,13,1,12,11,0,11,NA,NA,NA,14,0,14,23,3,20,16,0,16,14,1,13,10,1,9,13,1,12,13,2,11,NA,NA,NA,11,1,10,17,7,10,13,0,13,NA,NA,NA,13,3,10,NA,NA,NA,12,5,7,13,2,11,14,2,12,21,3,18,16,4,12,14,2,12,12,1,11,17,2,15,23,4,19,25,9,16,75,34,41,"chr17_15917588"
"chr17",32547206,32547206,1,"*",22,8,14,21,5,16,22,12,10,20,13,7,17,6,11,27,14,13,27,15,12,22,12,10,22,13,9,25,14,11,34,15,19,16,7,9,15,5,10,22,12,10,13,10,3,33,19,14,46,25,21,37,16,21,19,11,8,30,18,12,23,16,7,22,19,3,27,18,9,23,17,6,23,19,4,21,14,7,24,15,9,18,12,6,38,22,16,32,27,5,29,15,14,28,18,10,36,29,7,49,37,12,27,19,8,30,26,4,20,13,7,26,14,12,33,19,14,31,21,10,"chr17_32547206"
"chr17",48457038,48457038,1,"*",25,8,17,27,13,14,13,8,5,23,9,14,34,16,18,33,14,19,25,16,9,22,12,10,26,9,17,26,10,16,23,11,12,19,9,10,26,9,17,27,17,10,14,6,8,32,15,17,41,12,29,46,21,25,39,16,23,34,18,16,23,6,17,15,10,5,22,12,10,28,14,14,24,16,8,27,16,11,38,21,17,21,13,8,27,19,8,26,17,9,35,22,13,32,21,11,32,18,14,38,20,18,28,17,11,25,14,11,37,26,11,44,23,21,44,28,16,39,23,16,"chr17_48457038"
"chr17",62652495,62652495,1,"*",16,0,16,11,0,11,NA,NA,NA,15,0,15,15,0,15,15,0,15,22,0,22,12,0,12,14,0,14,12,0,12,17,0,17,23,0,23,12,0,12,21,0,21,NA,NA,NA,25,0,25,22,0,22,28,0,28,18,0,18,23,0,23,24,0,24,14,0,14,12,0,12,21,0,21,29,2,27,16,0,16,21,0,21,14,2,12,17,2,15,29,5,24,20,4,16,17,0,17,38,1,37,14,2,12,21,0,21,20,0,20,16,0,16,19,0,19,23,2,21,56,22,34,"chr17_62652495"
"chr17",83079892,83079892,1,"*",NA,NA,NA,NA,NA,NA,NA,NA,NA,NA,NA,NA,NA,NA,NA,NA,NA,NA,12,0,12,NA,NA,NA,11,0,11,NA,NA,NA,NA,NA,NA,11,0,11,15,0,15,NA,NA,NA,NA,NA,NA,NA,NA,NA,10,0,10,12,0,12,11,0,11,NA,NA,NA,NA,NA,NA,13,1,12,NA,NA,NA,NA,NA,NA,NA,NA,NA,NA,NA,NA,NA,NA,NA,NA,NA,NA,NA,NA,NA,NA,NA,NA,NA,NA,NA,NA,NA,NA,27,6,21,NA,NA,NA,NA,NA,NA,NA,NA,NA,NA,NA,NA,11,1,10,19,5,14,62,35,27,"chr17_83079892"
"chr18",4277162,4277162,1,"*",41,25,16,45,30,15,23,15,8,35,23,12,24,17,7,32,17,15,34,24,10,33,26,7,49,25,24,61,36,25,37,25,12,34,21,13,34,21,13,33,22,11,43,28,15,49,25,24,56,36,20,48,31,17,55,35,20,41,22,19,23,19,4,24,17,7,37,32,5,41,34,7,51,40,11,30,23,7,56,44,12,41,31,10,43,32,11,39,29,10,74,57,17,31,21,10,30,16,14,35,30,5,30,24,6,32,28,4,43,32,11,45,31,14,30,19,11,41,28,13,"chr18_4277162"
"chr18",5511236,5511236,1,"*",31,19,12,30,14,16,24,17,7,30,23,7,27,19,8,43,28,15,24,14,10,39,27,12,31,18,13,22,15,7,27,15,12,29,23,6,38,24,14,28,20,8,21,12,9,38,23,15,54,36,18,40,19,21,46,31,15,33,23,10,22,14,8,34,30,4,36,30,6,30,21,9,23,17,6,27,22,5,33,25,8,34,20,14,36,24,12,22,18,4,44,30,14,23,18,5,32,25,7,37,31,6,40,32,8,32,26,6,39,27,12,28,24,4,30,23,7,40,34,6,"chr18_5511236"
"chr18",50227091,50227091,1,"*",23,15,8,38,30,8,32,25,7,31,21,10,21,19,2,29,23,6,28,19,9,37,31,6,27,25,2,43,32,11,32,29,3,34,28,6,30,23,7,38,33,5,29,25,4,40,27,13,44,32,12,43,35,8,36,25,11,44,36,8,28,21,7,27,26,1,41,34,7,32,29,3,27,24,3,27,22,5,38,34,4,41,37,4,35,31,4,39,38,1,39,35,4,41,38,3,30,28,2,44,38,6,48,39,9,43,39,4,46,41,5,34,27,7,26,23,3,26,23,3,"chr18_50227091"
"chr19",1408061,1408061,1,"*",NA,NA,NA,NA,NA,NA,NA,NA,NA,10,0,10,NA,NA,NA,NA,NA,NA,11,0,11,NA,NA,NA,NA,NA,NA,NA,NA,NA,NA,NA,NA,NA,NA,NA,NA,NA,NA,NA,NA,NA,NA,NA,NA,11,0,11,11,0,11,20,0,20,NA,NA,NA,10,0,10,11,0,11,NA,NA,NA,NA,NA,NA,NA,NA,NA,NA,NA,NA,NA,NA,NA,NA,NA,NA,NA,NA,NA,NA,NA,NA,11,3,8,NA,NA,NA,NA,NA,NA,26,2,24,NA,NA,NA,12,2,10,NA,NA,NA,NA,NA,NA,19,1,18,15,3,12,58,20,38,"chr19_1408061"
"chr19",6068387,6068387,1,"*",24,12,12,18,12,6,12,10,2,24,13,11,18,13,5,18,8,10,33,25,8,33,21,12,27,20,7,17,11,6,22,15,7,26,17,9,32,22,10,35,23,12,16,11,5,37,27,10,43,26,17,42,25,17,47,30,17,33,18,15,23,14,9,26,21,5,30,21,9,23,18,5,36,30,6,39,31,8,31,21,10,31,20,11,29,27,2,26,23,3,41,33,8,36,28,8,40,30,10,31,25,6,29,19,10,28,24,4,39,29,10,38,32,6,27,22,5,36,23,13,"chr19_6068387"
"chr19",13978596,13978596,1,"*",12,2,10,NA,NA,NA,NA,NA,NA,NA,NA,NA,NA,NA,NA,NA,NA,NA,NA,NA,NA,NA,NA,NA,NA,NA,NA,NA,NA,NA,18,4,14,16,2,14,14,3,11,17,4,13,14,6,8,NA,NA,NA,16,6,10,26,8,18,18,10,8,11,4,7,15,6,9,11,4,7,14,7,7,12,7,5,17,8,9,14,9,5,13,6,7,NA,NA,NA,19,10,9,10,6,4,NA,NA,NA,12,7,5,25,17,8,17,9,8,11,6,5,12,9,3,18,10,8,12,7,5,18,12,6,55,41,14,"chr19_13978596"
"chr19",20531093,20531093,1,"*",NA,NA,NA,NA,NA,NA,NA,NA,NA,NA,NA,NA,NA,NA,NA,NA,NA,NA,NA,NA,NA,11,10,1,10,9,1,NA,NA,NA,NA,NA,NA,NA,NA,NA,NA,NA,NA,NA,NA,NA,NA,NA,NA,14,12,2,16,16,0,22,20,2,NA,NA,NA,15,9,6,NA,NA,NA,NA,NA,NA,10,10,0,NA,NA,NA,12,12,0,NA,NA,NA,NA,NA,NA,NA,NA,NA,NA,NA,NA,NA,NA,NA,10,10,0,14,14,0,10,10,0,12,12,0,21,21,0,12,12,0,13,13,0,15,15,0,NA,NA,NA,32,32,0,"chr19_20531093"
"chr19",27344397,27344397,1,"*",37,19,18,36,20,16,29,18,11,42,25,17,29,18,11,38,24,14,37,19,18,43,29,14,72,51,21,54,36,18,45,34,11,38,27,11,29,23,6,46,26,20,51,31,20,58,35,23,30,17,13,58,28,30,49,30,19,50,31,19,39,21,18,18,13,5,47,32,15,47,31,16,48,35,13,34,24,10,50,37,13,48,30,18,47,38,9,38,31,7,56,45,11,43,28,15,56,41,15,63,46,17,45,33,12,57,39,18,46,31,15,49,42,7,37,29,8,58,44,14,"chr19_27344397"
"chr19",34648350,34648350,1,"*",39,18,21,35,23,12,23,14,9,43,22,21,40,21,19,51,26,25,42,23,19,44,29,15,55,35,20,38,23,15,55,26,29,34,19,15,50,29,21,47,29,18,49,32,17,48,22,26,52,23,29,54,28,26,39,22,17,39,21,18,31,22,9,21,13,8,40,30,10,47,30,17,43,27,16,43,31,12,50,28,22,42,29,13,55,37,18,61,53,8,55,36,19,48,33,15,46,32,14,57,38,19,33,22,11,42,34,8,66,53,13,56,35,21,39,21,18,54,33,21,"chr19_34648350"
"chr19",36273595,36273595,1,"*",NA,NA,NA,NA,NA,NA,NA,NA,NA,NA,NA,NA,NA,NA,NA,NA,NA,NA,16,11,5,NA,NA,NA,NA,NA,NA,NA,NA,NA,NA,NA,NA,NA,NA,NA,21,16,5,NA,NA,NA,NA,NA,NA,NA,NA,NA,10,6,4,10,8,2,NA,NA,NA,NA,NA,NA,NA,NA,NA,NA,NA,NA,NA,NA,NA,NA,NA,NA,NA,NA,NA,11,10,1,NA,NA,NA,NA,NA,NA,NA,NA,NA,NA,NA,NA,NA,NA,NA,NA,NA,NA,NA,NA,NA,NA,NA,NA,NA,NA,NA,NA,NA,NA,16,16,0,13,13,0,14,13,1,58,57,1,"chr19_36273595"
"chr19",36757261,36757261,1,"*",45,16,29,23,12,11,38,21,17,19,12,7,24,6,18,38,17,21,28,13,15,42,23,19,52,21,31,37,15,22,52,18,34,29,15,14,27,13,14,48,25,23,56,25,31,43,20,23,46,24,22,52,22,30,50,25,25,36,18,18,35,21,14,23,16,7,35,19,16,46,28,18,40,22,18,26,19,7,42,21,21,27,13,14,46,32,14,40,31,9,57,27,30,42,19,23,41,26,15,47,35,12,36,24,12,35,25,10,55,32,23,45,30,15,23,14,9,34,21,13,"chr19_36757261"
"chr19",40619992,40619992,1,"*",12,8,4,10,3,7,10,5,5,12,8,4,17,11,6,23,14,9,27,18,9,28,21,7,36,19,17,11,6,5,20,11,9,14,9,5,19,13,6,18,11,7,15,11,4,25,15,10,26,15,11,33,14,19,18,6,12,24,11,13,21,9,12,NA,NA,NA,15,7,8,21,15,6,17,12,5,34,26,8,20,13,7,14,11,3,25,19,6,29,18,11,29,22,7,23,17,6,24,21,3,41,33,8,28,19,9,23,14,9,36,28,8,25,19,6,24,21,3,50,34,16,"chr19_40619992"
"chr19",45977489,45977489,1,"*",17,12,5,15,11,4,17,13,4,18,13,5,20,15,5,14,10,4,24,13,11,19,10,9,19,14,5,NA,NA,NA,22,17,5,17,13,4,18,10,8,25,13,12,16,11,5,23,11,12,26,15,11,25,17,8,18,10,8,24,17,7,13,10,3,14,11,3,24,17,7,21,17,4,11,9,2,15,13,2,15,12,3,12,8,4,23,19,4,25,23,2,23,18,5,23,19,4,34,31,3,18,16,2,28,21,7,17,14,3,24,16,8,29,25,4,27,22,5,28,23,5,"chr19_45977489"
"chr2",1872301,1872301,1,"*",23,16,7,27,20,7,16,11,5,14,10,4,33,23,10,32,24,8,39,29,10,27,21,6,26,18,8,27,25,2,29,25,4,26,22,4,27,20,7,25,21,4,20,14,6,29,21,8,33,21,12,46,34,12,33,26,7,31,24,7,28,23,5,22,20,2,44,36,8,27,23,4,30,26,4,27,22,5,25,19,6,20,19,1,29,25,4,31,30,1,24,22,2,38,34,4,52,47,5,47,43,4,33,28,5,30,28,2,32,27,5,28,23,5,32,30,2,39,32,7,"chr2_1872301"
"chr2",10252403,10252403,1,"*",24,11,13,34,25,9,NA,NA,NA,18,14,4,16,11,5,28,16,12,25,15,10,33,21,12,43,28,15,28,18,10,30,16,14,23,18,5,23,18,5,32,22,10,22,19,3,35,26,9,30,18,12,39,23,16,37,27,10,30,19,11,21,16,5,17,15,2,26,22,4,22,13,9,26,21,5,20,14,6,33,29,4,23,18,5,29,29,0,34,32,2,28,23,5,33,30,3,57,42,15,36,31,5,35,23,12,20,19,1,30,25,5,44,37,7,17,14,3,41,34,7,"chr2_10252403"
"chr2",10252442,10252442,1,"*",17,8,9,29,18,11,NA,NA,NA,16,12,4,18,11,7,29,18,11,31,18,13,33,21,12,43,23,20,31,20,11,24,12,12,20,15,5,21,11,10,33,21,12,22,14,8,33,22,11,28,19,9,39,16,23,37,26,11,31,16,15,20,16,4,16,12,4,28,19,9,22,14,8,20,17,3,16,11,5,35,24,11,24,19,5,30,25,5,34,31,3,24,15,9,32,23,9,54,40,14,37,32,5,25,17,8,21,18,3,35,24,11,39,27,12,19,13,6,38,32,6,"chr2_10252442"
"chr2",24800572,24800572,1,"*",16,16,0,15,14,1,14,13,1,19,16,3,26,26,0,20,20,0,21,21,0,31,30,1,29,25,4,24,23,1,28,26,2,15,12,3,16,16,0,22,22,0,23,23,0,30,28,2,30,28,2,22,22,0,29,29,0,30,30,0,24,23,1,11,11,0,24,6,18,36,36,0,28,14,14,22,12,10,18,11,7,16,16,0,37,35,2,24,22,2,37,36,1,15,7,8,29,9,20,42,40,2,20,10,10,32,19,13,31,0,31,25,24,1,33,16,17,33,15,18,"chr2_24800572"
"chr2",28506613,28506613,1,"*",25,18,7,24,15,9,27,17,10,24,16,8,41,29,12,25,19,6,30,21,9,43,33,10,35,16,19,31,22,9,35,23,12,28,26,2,27,22,5,22,18,4,22,21,1,29,20,9,45,29,16,52,28,24,39,27,12,36,27,9,28,18,10,17,15,2,36,31,5,30,25,5,36,27,9,31,25,6,30,22,8,23,15,8,23,19,4,37,33,4,40,33,7,34,29,5,33,26,7,45,39,6,43,34,9,33,27,6,41,35,6,55,47,8,38,31,7,32,25,7,"chr2_28506613"
"chr2",32009617,32009617,1,"*",16,0,16,NA,NA,NA,NA,NA,NA,16,0,16,16,0,16,11,0,11,17,0,17,NA,NA,NA,13,0,13,NA,NA,NA,NA,NA,NA,16,0,16,10,0,10,NA,NA,NA,11,0,11,10,0,10,18,0,18,31,0,31,16,0,16,13,0,13,18,0,18,NA,NA,NA,NA,NA,NA,10,0,10,22,1,21,12,0,12,NA,NA,NA,13,0,13,15,3,12,12,3,9,12,1,11,12,0,12,28,0,28,10,0,10,19,0,19,23,3,20,11,0,11,21,1,20,28,4,24,45,17,28,"chr2_32009617"
"chr2",45008690,45008690,1,"*",25,5,20,18,4,14,NA,NA,NA,13,3,10,14,1,13,10,0,10,16,2,14,20,4,16,24,4,20,12,1,11,11,3,8,23,2,21,15,1,14,26,2,24,11,0,11,NA,NA,NA,28,4,24,39,6,33,20,1,19,14,3,11,21,1,20,19,7,12,23,4,19,11,3,8,22,3,19,17,6,11,12,0,12,17,5,12,17,5,12,23,7,16,15,4,11,20,3,17,43,12,31,18,5,13,20,4,16,22,9,13,23,8,15,27,5,22,21,5,16,59,35,24,"chr2_45008690"
"chr2",46648817,46648817,1,"*",29,17,12,22,11,11,15,11,4,26,14,12,33,21,12,26,13,13,29,19,10,49,35,14,32,17,15,38,23,15,34,15,19,33,21,12,31,14,17,26,13,13,34,20,14,42,18,24,51,29,22,39,18,21,44,26,18,28,17,11,25,16,9,19,16,3,45,31,14,26,20,6,26,20,6,29,18,11,48,38,10,28,19,9,30,20,10,32,25,7,42,25,17,38,21,17,40,27,13,54,41,13,33,28,5,35,25,10,31,20,11,41,30,11,29,15,14,51,33,18,"chr2_46648817"
"chr2",47483430,47483430,1,"*",31,15,16,23,15,8,20,11,9,29,22,7,32,21,11,21,13,8,20,13,7,32,21,11,39,28,11,37,25,12,40,25,15,20,12,8,26,20,6,32,22,10,18,11,7,47,27,20,41,28,13,52,29,23,36,21,15,43,26,17,25,20,5,26,23,3,47,33,14,29,23,6,33,23,10,26,20,6,24,19,5,28,25,3,38,25,13,29,26,3,37,27,10,28,18,10,33,30,3,36,26,10,29,22,7,30,22,8,20,16,4,28,19,9,25,19,6,37,28,9,"chr2_47483430"
"chr2",47483445,47483445,1,"*",34,14,20,23,13,10,19,12,7,28,22,6,31,22,9,22,14,8,21,15,6,30,19,11,40,28,12,32,26,6,38,22,16,16,9,7,24,16,8,35,24,11,16,9,7,48,25,23,39,22,17,53,31,22,37,19,18,38,22,16,24,16,8,25,21,4,45,30,15,29,21,8,31,23,8,25,19,6,25,16,9,32,24,8,36,26,10,33,29,4,37,27,10,28,21,7,35,29,6,34,28,6,27,22,5,28,19,9,22,16,6,28,18,10,24,19,5,41,31,10,"chr2_47483445"
"chr2",47483506,47483506,1,"*",39,16,23,25,9,16,19,12,7,33,21,12,27,19,8,21,11,10,21,16,5,30,16,14,39,23,16,36,24,12,35,22,13,23,16,7,31,21,10,31,24,7,21,15,6,42,25,17,39,22,17,48,31,17,37,24,13,40,22,18,26,22,4,28,24,4,46,33,13,25,21,4,30,24,6,26,22,4,26,18,8,31,24,7,41,32,9,35,30,5,36,29,7,31,24,7,37,25,12,29,22,7,28,21,7,34,26,8,31,20,11,32,23,9,30,23,7,43,36,7,"chr2_47483506"
"chr2",61161530,61161530,1,"*",26,11,15,33,18,15,33,18,15,28,15,13,23,11,12,37,23,14,33,19,14,31,18,13,47,30,17,37,24,13,40,25,15,35,28,7,35,24,11,29,16,13,33,20,13,36,22,14,39,31,8,50,31,19,18,11,7,40,26,14,31,18,13,25,20,5,47,36,11,57,43,14,35,27,8,31,17,14,29,16,13,50,36,14,51,37,14,31,20,11,47,39,8,36,22,14,48,38,10,53,44,9,38,31,7,49,41,8,26,20,6,52,39,13,29,21,8,47,31,16,"chr2_61161530"
"chr2",65129636,65129636,1,"*",NA,NA,NA,NA,NA,NA,NA,NA,NA,NA,NA,NA,NA,NA,NA,11,0,11,NA,NA,NA,NA,NA,NA,NA,NA,NA,14,0,14,NA,NA,NA,16,0,16,10,0,10,10,0,10,NA,NA,NA,NA,NA,NA,15,0,15,14,0,14,11,0,11,11,0,11,13,0,13,NA,NA,NA,NA,NA,NA,NA,NA,NA,23,2,21,NA,NA,NA,NA,NA,NA,NA,NA,NA,NA,NA,NA,NA,NA,NA,NA,NA,NA,NA,NA,NA,11,0,11,NA,NA,NA,NA,NA,NA,17,0,17,12,1,11,NA,NA,NA,12,2,10,31,10,21,"chr2_65129636"
"chr2",76825414,76825414,1,"*",38,26,12,50,30,20,41,27,14,37,22,15,36,29,7,51,30,21,37,28,9,48,40,8,45,32,13,30,27,3,37,23,14,34,24,10,43,29,14,36,23,13,39,25,14,56,37,19,47,31,16,48,31,17,54,33,21,44,29,15,32,20,12,27,23,4,42,32,10,53,35,18,43,36,7,45,39,6,34,27,7,47,39,8,41,30,11,39,37,2,52,38,14,46,40,6,32,25,7,44,34,10,37,33,4,42,34,8,55,44,11,39,34,5,32,27,5,48,37,11,"chr2_76825414"
"chr2",85453728,85453728,1,"*",28,22,6,24,21,3,28,21,7,34,26,8,18,13,5,26,16,10,33,24,9,35,30,5,33,27,6,29,22,7,38,25,13,26,21,5,33,26,7,19,17,2,32,29,3,51,44,7,37,26,11,43,32,11,39,30,9,30,25,5,22,20,2,21,17,4,28,26,2,40,30,10,36,33,3,26,25,1,31,26,5,31,25,6,35,31,4,38,35,3,38,34,4,33,30,3,41,40,1,46,43,3,29,24,5,30,27,3,31,27,4,35,33,2,34,29,5,49,46,3,"chr2_85453728"
"chr2",85872048,85872048,1,"*",11,4,7,19,5,14,19,10,9,14,10,4,21,15,6,27,14,13,18,8,10,18,10,8,25,16,9,18,13,5,20,10,10,19,9,10,10,8,2,21,9,12,18,10,8,28,13,15,18,11,7,37,19,18,36,18,18,10,7,3,15,8,7,12,9,3,28,19,9,21,13,8,28,18,10,20,13,7,24,18,6,16,10,6,22,14,8,32,26,6,24,15,9,19,12,7,41,29,12,26,15,11,25,23,2,29,21,8,29,21,8,20,15,5,27,22,5,38,24,14,"chr2_85872048"
"chr2",100799302,100799302,1,"*",37,22,15,28,22,6,11,7,4,24,16,8,30,17,13,27,13,14,24,18,6,34,27,7,35,26,9,30,22,8,20,15,5,16,11,5,26,19,7,23,19,4,17,13,4,30,19,11,47,37,10,39,34,5,43,26,17,24,17,7,28,22,6,33,28,5,22,21,1,29,22,7,23,19,4,28,23,5,29,24,5,24,16,8,32,27,5,36,33,3,45,36,9,35,29,6,27,22,5,28,25,3,41,33,8,29,27,2,41,37,4,30,24,6,29,25,4,36,28,8,"chr2_100799302"
"chr2",102187900,102187900,1,"*",16,0,16,NA,NA,NA,NA,NA,NA,NA,NA,NA,NA,NA,NA,12,0,12,11,0,11,NA,NA,NA,11,0,11,13,0,13,NA,NA,NA,10,0,10,NA,NA,NA,NA,NA,NA,NA,NA,NA,NA,NA,NA,17,0,17,20,0,20,NA,NA,NA,12,0,12,12,0,12,NA,NA,NA,16,1,15,17,1,16,14,4,10,19,1,18,18,1,17,11,2,9,15,1,14,12,3,9,NA,NA,NA,13,0,13,22,3,19,11,0,11,10,0,10,13,1,12,18,2,16,11,0,11,11,2,9,46,12,34,"chr2_102187900"
"chr2",117675130,117675130,1,"*",35,18,17,28,21,7,21,12,9,29,15,14,28,18,10,43,28,15,26,18,8,47,34,13,47,32,15,44,23,21,44,28,16,30,16,14,44,26,18,33,19,14,29,23,6,34,26,8,57,31,26,28,16,12,46,31,15,37,19,18,20,13,7,24,18,6,23,18,5,28,25,3,37,29,8,40,29,11,33,24,9,46,30,16,45,35,10,31,24,7,40,27,13,38,27,11,40,27,13,27,23,4,43,37,6,36,27,9,45,31,14,29,20,9,36,29,7,43,37,6,"chr2_117675130"
"chr2",117675146,117675146,1,"*",33,19,14,29,22,7,21,13,8,30,17,13,29,16,13,43,29,14,25,16,9,48,33,15,51,36,15,44,22,22,42,28,14,28,13,15,42,27,15,32,21,11,30,23,7,31,23,8,59,39,20,26,16,10,48,32,16,35,21,14,20,13,7,22,17,5,25,19,6,27,22,5,42,33,9,39,26,13,29,23,6,48,36,12,43,34,9,30,22,8,39,28,11,43,29,14,39,29,10,29,25,4,44,35,9,38,29,9,41,34,7,30,22,8,37,24,13,41,35,6,"chr2_117675146"
"chr2",121337533,121337533,1,"*",24,9,15,21,8,13,16,10,6,23,11,12,21,11,10,13,4,9,19,9,10,15,8,7,23,11,12,28,14,14,22,13,9,17,7,10,13,5,8,27,12,15,19,11,8,26,16,10,30,17,13,37,16,21,24,10,14,23,12,11,21,13,8,16,14,2,21,12,9,16,11,5,28,18,10,24,16,8,14,10,4,18,10,8,21,14,7,35,31,4,19,8,11,37,28,9,32,17,15,30,20,10,24,17,7,30,24,6,28,19,9,23,16,7,33,20,13,22,12,10,"chr2_121337533"
"chr2",127064919,127064919,1,"*",20,7,13,20,7,13,NA,NA,NA,13,3,10,17,7,10,NA,NA,NA,24,8,16,13,5,8,17,9,8,13,5,8,15,6,9,17,6,11,15,5,10,19,3,16,10,6,4,13,4,9,18,5,13,43,11,32,17,5,12,17,2,15,15,3,12,18,8,10,15,7,8,14,6,8,25,13,12,20,8,12,14,6,8,15,7,8,17,10,7,26,15,11,15,6,9,13,8,5,50,29,21,17,5,12,20,10,10,17,6,11,17,9,8,21,10,11,29,12,17,55,38,17,"chr2_127064919"
"chr2",127754299,127754299,1,"*",32,23,9,23,17,6,36,27,9,26,20,6,33,22,11,34,21,13,32,28,4,42,33,9,37,25,12,38,33,5,30,18,12,41,35,6,37,30,7,35,27,8,22,18,4,52,43,9,49,30,19,41,29,12,34,24,10,33,20,13,26,19,7,26,23,3,42,36,6,32,25,7,36,29,7,30,26,4,38,32,6,23,20,3,28,24,4,39,36,3,42,37,5,46,36,10,43,36,7,31,26,5,34,30,4,47,45,2,27,24,3,35,28,7,51,42,9,49,40,9,"chr2_127754299"
"chr2",191259971,191259971,1,"*",24,10,14,23,8,15,22,11,11,28,20,8,24,17,7,25,15,10,26,15,11,21,10,11,36,20,16,31,19,12,28,13,15,27,16,11,33,18,15,32,16,16,17,9,8,27,16,11,32,17,15,46,25,21,48,25,23,29,17,12,22,16,6,18,13,5,35,27,8,27,14,13,31,23,8,26,15,11,27,16,11,19,12,7,33,27,6,32,30,2,44,32,12,22,12,10,37,26,11,43,29,14,22,12,10,36,30,6,33,20,13,42,32,10,24,17,7,46,33,13,"chr2_191259971"
"chr2",194004075,194004075,1,"*",49,31,18,50,40,10,28,18,10,32,26,6,40,28,12,57,44,13,28,21,7,58,40,18,57,35,22,68,51,17,43,26,17,47,36,11,61,52,9,42,31,11,43,33,10,52,36,16,49,33,16,59,37,22,50,34,16,36,27,9,34,24,10,30,26,4,50,38,12,47,37,10,44,40,4,38,27,11,43,36,7,44,34,10,40,33,7,41,37,4,63,48,15,49,41,8,47,43,4,56,49,7,48,42,6,54,43,11,48,40,8,44,31,13,37,31,6,45,36,9,"chr2_194004075"
"chr2",197388339,197388339,1,"*",38,22,16,39,21,18,32,15,17,34,23,11,36,20,16,58,31,27,41,23,18,49,25,24,59,42,17,46,20,26,39,20,19,42,23,19,36,19,17,43,23,20,41,26,15,42,22,20,48,29,19,49,30,19,61,29,32,32,20,12,39,24,15,27,14,13,42,29,13,47,25,22,36,28,8,50,37,13,51,33,18,51,29,22,41,36,5,39,27,12,61,39,22,45,32,13,55,35,20,46,31,15,50,34,16,35,26,9,37,27,10,49,34,15,39,27,12,47,32,15,"chr2_197388339"
"chr2",199792832,199792832,1,"*",37,27,10,38,30,8,22,17,5,33,24,9,26,19,7,31,22,9,37,31,6,37,35,2,52,38,14,46,36,10,35,28,7,23,19,4,41,31,10,36,30,6,45,41,4,41,33,8,54,43,11,56,47,9,50,41,9,47,37,10,26,22,4,25,23,2,35,33,2,38,32,6,32,28,4,42,39,3,45,38,7,41,36,5,42,38,4,42,40,2,51,45,6,39,34,5,43,40,3,39,39,0,44,36,8,46,45,1,58,51,7,54,51,3,36,36,0,42,34,8,"chr2_199792832"
"chr2",203655015,203655015,1,"*",30,19,11,29,24,5,22,15,7,21,18,3,14,9,5,36,27,9,12,10,2,24,16,8,43,32,11,36,25,11,31,19,12,30,28,2,20,16,4,34,27,7,30,26,4,37,27,10,49,38,11,33,24,9,46,31,15,38,31,7,15,14,1,14,14,0,30,26,4,30,26,4,26,23,3,38,34,4,30,22,8,31,27,4,33,27,6,35,33,2,31,26,5,28,27,1,34,30,4,40,35,5,28,25,3,23,17,6,26,21,5,38,34,4,28,26,2,48,42,6,"chr2_203655015"
"chr2",218219592,218219592,1,"*",13,8,5,20,13,7,10,8,2,16,12,4,11,9,2,12,8,4,21,16,5,16,11,5,22,15,7,14,8,6,24,17,7,19,14,5,21,14,7,19,12,7,14,12,2,39,31,8,28,22,6,35,25,10,28,22,6,21,17,4,20,16,4,25,22,3,25,21,4,19,17,2,18,16,2,17,15,2,22,18,4,22,17,5,15,12,3,20,18,2,21,18,3,23,20,3,34,30,4,30,28,2,24,18,6,30,27,3,18,17,1,23,19,4,26,23,3,43,38,5,"chr2_218219592"
"chr2",219358277,219358277,1,"*",19,3,16,20,2,18,NA,NA,NA,18,1,17,16,1,15,20,1,19,23,2,21,16,0,16,17,1,16,11,0,11,14,1,13,21,2,19,19,1,18,15,2,13,NA,NA,NA,21,0,21,21,1,20,31,3,28,14,1,13,22,1,21,18,3,15,NA,NA,NA,13,0,13,19,2,17,25,5,20,11,1,10,15,1,14,12,2,10,14,2,12,15,3,12,19,4,15,10,3,7,28,5,23,18,4,14,19,3,16,16,2,14,15,3,12,20,4,16,25,4,21,51,23,28,"chr2_219358277"
"chr2",221421189,221421189,1,"*",12,11,1,10,5,5,NA,NA,NA,14,6,8,12,6,6,NA,NA,NA,14,8,6,10,4,6,12,7,5,10,4,6,16,11,5,NA,NA,NA,11,7,4,11,8,3,21,16,5,12,8,4,15,10,5,20,11,9,NA,NA,NA,20,13,7,12,9,3,10,9,1,16,13,3,NA,NA,NA,18,14,4,11,10,1,NA,NA,NA,10,6,4,12,9,3,NA,NA,NA,17,14,3,15,13,2,23,21,2,NA,NA,NA,13,11,2,16,14,2,21,15,6,12,11,1,22,18,4,38,32,6,"chr2_221421189"
"chr2",224032708,224032708,1,"*",32,20,12,35,19,16,34,22,12,34,19,15,29,15,14,44,30,14,26,19,7,42,28,14,42,26,16,19,11,8,38,28,10,28,18,10,37,26,11,34,24,10,18,17,1,51,37,14,63,50,13,47,30,17,49,34,15,50,32,18,35,25,10,13,11,2,36,29,7,34,26,8,44,33,11,41,34,7,42,32,10,21,19,2,42,32,10,40,34,6,57,41,16,30,21,9,44,38,6,58,47,11,45,42,3,37,25,12,44,34,10,19,16,3,56,42,14,37,32,5,"chr2_224032708"
"chr20",33531333,33531333,1,"*",20,10,10,20,14,6,15,11,4,14,8,6,26,15,11,31,15,16,35,22,13,37,25,12,37,20,17,28,21,7,29,18,11,27,18,9,24,16,8,32,20,12,18,15,3,41,28,13,37,22,15,36,26,10,47,26,21,30,19,11,27,21,6,28,20,8,24,14,10,25,20,5,35,32,3,25,17,8,34,27,7,28,18,10,34,24,10,33,26,7,42,34,8,34,26,8,25,20,5,41,37,4,31,21,10,35,28,7,34,25,9,38,33,5,26,19,7,39,35,4,"chr20_33531333"
"chr20",41999239,41999239,1,"*",NA,NA,NA,NA,NA,NA,NA,NA,NA,NA,NA,NA,NA,NA,NA,NA,NA,NA,12,10,2,NA,NA,NA,NA,NA,NA,NA,NA,NA,12,10,2,NA,NA,NA,NA,NA,NA,NA,NA,NA,NA,NA,NA,11,6,5,17,14,3,17,12,5,14,12,2,10,7,3,14,12,2,NA,NA,NA,NA,NA,NA,NA,NA,NA,NA,NA,NA,NA,NA,NA,NA,NA,NA,NA,NA,NA,NA,NA,NA,NA,NA,NA,NA,NA,NA,NA,NA,NA,17,17,0,NA,NA,NA,12,11,1,NA,NA,NA,10,10,0,NA,NA,NA,15,14,1,113,112,1,"chr20_41999239"
"chr20",45032923,45032923,1,"*",19,13,6,26,18,8,23,18,5,34,19,15,30,15,15,35,25,10,36,22,14,41,28,13,38,29,9,50,30,20,30,18,12,31,21,10,27,18,9,41,30,11,32,21,11,64,41,23,55,36,19,47,32,15,43,27,16,29,16,13,27,16,11,29,21,8,40,30,10,38,28,10,36,32,4,31,24,7,34,27,7,31,19,12,43,35,8,44,30,14,53,42,11,47,37,10,48,34,14,45,36,9,35,27,8,43,32,11,41,34,7,37,25,12,31,29,2,51,37,14,"chr20_45032923"
"chr20",48296840,48296840,1,"*",21,16,5,13,11,2,10,8,2,15,12,3,18,12,6,22,15,7,24,23,1,28,23,5,30,20,10,22,18,4,21,12,9,19,9,10,22,16,6,29,23,6,23,20,3,25,19,6,34,25,9,41,29,12,32,26,6,26,22,4,22,17,5,12,10,2,37,32,5,24,22,2,18,14,4,26,23,3,23,21,2,19,16,3,29,26,3,20,18,2,32,25,7,27,23,4,27,26,1,33,29,4,40,38,2,19,18,1,26,23,3,26,22,4,23,19,4,38,36,2,"chr20_48296840"
"chr20",49574323,49574323,1,"*",23,18,5,21,21,0,19,15,4,26,19,7,23,19,4,33,20,13,27,24,3,29,24,5,29,24,5,17,15,2,35,30,5,21,17,4,32,25,7,34,26,8,16,13,3,40,32,8,28,23,5,45,39,6,38,31,7,30,24,6,30,26,4,16,13,3,37,37,0,24,22,2,30,28,2,23,20,3,31,30,1,28,25,3,29,28,1,36,33,3,36,34,2,24,20,4,40,37,3,34,33,1,27,24,3,26,25,1,21,20,1,40,34,6,27,24,3,47,41,6,"chr20_49574323"
"chr20",50888992,50888992,1,"*",29,18,11,26,13,13,18,10,8,27,17,10,37,23,14,31,22,9,34,18,16,39,18,21,40,24,16,34,22,12,33,17,16,28,19,9,36,20,16,41,22,19,26,18,8,37,20,17,35,17,18,43,21,22,36,23,13,36,17,19,31,25,6,25,18,7,34,24,10,38,29,9,38,26,12,34,29,5,37,28,9,40,27,13,51,30,21,39,32,7,34,25,9,45,33,12,41,32,9,39,29,10,45,30,15,47,32,15,33,25,8,30,17,13,41,33,8,46,26,20,"chr20_50888992"
"chr20",54641757,54641757,1,"*",36,24,12,27,20,7,15,9,6,23,18,5,20,14,6,27,19,8,18,13,5,29,24,5,17,8,9,23,20,3,33,24,9,17,14,3,26,19,7,27,22,5,15,14,1,25,20,5,39,26,13,33,17,16,39,26,13,28,19,9,30,23,7,13,12,1,28,26,2,33,30,3,29,23,6,30,26,4,18,16,2,32,29,3,23,19,4,26,21,5,39,34,5,23,21,2,34,31,3,41,35,6,27,26,1,17,17,0,33,29,4,34,27,7,24,22,2,33,26,7,"chr20_54641757"
"chr20",61255176,61255176,1,"*",35,16,19,26,17,9,17,12,5,23,10,13,33,23,10,33,22,11,33,21,12,34,16,18,46,28,18,46,30,16,43,28,15,25,16,9,36,25,11,28,14,14,30,21,9,38,24,14,51,35,16,47,33,14,38,27,11,32,19,13,30,19,11,26,19,7,50,39,11,30,20,10,22,16,6,38,25,13,39,29,10,33,23,10,35,26,9,37,35,2,55,45,10,31,26,5,48,39,9,47,39,8,28,17,11,48,36,12,40,28,12,35,24,11,34,30,4,36,26,10,"chr20_61255176"
"chr20",63082246,63082246,1,"*",31,22,9,21,15,6,NA,NA,NA,12,11,1,NA,NA,NA,19,15,4,25,19,6,17,16,1,23,18,5,NA,NA,NA,19,18,1,20,17,3,11,11,0,14,12,2,12,12,0,11,11,0,28,24,4,31,25,6,18,15,3,26,23,3,25,24,1,18,17,1,28,27,1,14,12,2,20,19,1,24,23,1,14,14,0,11,10,1,22,21,1,23,23,0,27,27,0,17,15,2,32,31,1,31,30,1,29,27,2,19,17,2,20,20,0,31,29,2,16,15,1,18,17,1,"chr20_63082246"
"chr20",63370710,63370710,1,"*",17,2,15,18,2,16,NA,NA,NA,19,4,15,13,2,11,24,3,21,20,1,19,20,4,16,19,0,19,19,1,18,16,1,15,22,3,19,21,2,19,16,1,15,14,2,12,31,2,29,23,3,20,29,4,25,16,2,14,19,2,17,15,6,9,19,5,14,22,5,17,19,3,16,19,4,15,18,4,14,17,4,13,17,5,12,30,8,22,25,8,17,19,8,11,20,4,16,38,13,25,25,13,12,24,3,21,23,8,15,15,2,13,30,8,22,24,3,21,34,9,25,"chr20_63370710"
"chr20",63738355,63738355,1,"*",13,5,8,13,5,8,NA,NA,NA,11,1,10,NA,NA,NA,NA,NA,NA,15,4,11,NA,NA,NA,13,6,7,NA,NA,NA,15,6,9,11,7,4,14,5,9,NA,NA,NA,10,3,7,10,2,8,14,5,9,17,8,9,13,8,5,NA,NA,NA,12,4,8,19,10,9,10,5,5,18,9,9,11,6,5,15,8,7,12,8,4,12,6,6,NA,NA,NA,11,7,4,NA,NA,NA,NA,NA,NA,20,15,5,18,11,7,11,8,3,12,5,7,11,8,3,22,12,10,20,15,5,58,51,7,"chr20_63738355"
"chr21",13934866,13934866,1,"*",12,10,2,NA,NA,NA,NA,NA,NA,10,7,3,NA,NA,NA,NA,NA,NA,NA,NA,NA,NA,NA,NA,13,11,2,15,11,4,NA,NA,NA,NA,NA,NA,NA,NA,NA,NA,NA,NA,NA,NA,NA,NA,NA,NA,14,12,2,13,11,2,10,8,2,12,9,3,12,8,4,NA,NA,NA,10,9,1,NA,NA,NA,NA,NA,NA,NA,NA,NA,12,12,0,11,11,0,14,12,2,10,10,0,NA,NA,NA,12,11,1,13,13,0,10,10,0,12,11,1,13,13,0,17,16,1,16,16,0,NA,NA,NA,43,42,1,"chr21_13934866"
"chr21",32751832,32751832,1,"*",43,20,23,48,33,15,33,23,10,33,22,11,31,17,14,39,27,12,38,32,6,46,37,9,49,32,17,72,54,18,51,30,21,22,18,4,39,31,8,33,24,9,90,66,24,56,39,17,61,41,20,44,27,17,35,24,11,49,36,13,27,21,6,29,25,4,41,36,5,43,30,13,44,35,9,37,29,8,59,46,13,50,39,11,44,34,10,47,41,6,40,36,4,37,31,6,42,34,8,52,42,10,47,38,9,39,32,7,52,45,7,59,44,15,33,27,6,45,36,9,"chr21_32751832"
"chr21",44874770,44874770,1,"*",10,0,10,14,3,11,NA,NA,NA,10,5,5,20,7,13,NA,NA,NA,18,5,13,NA,NA,NA,35,10,25,NA,NA,NA,19,6,13,14,4,10,14,6,8,16,3,13,NA,NA,NA,26,4,22,21,2,19,19,7,12,19,3,16,10,3,7,12,1,11,NA,NA,NA,12,4,8,NA,NA,NA,15,9,6,NA,NA,NA,NA,NA,NA,19,7,12,19,5,14,19,11,8,14,7,7,10,5,5,28,12,16,12,5,7,24,13,11,23,13,10,11,4,7,24,12,12,NA,NA,NA,45,17,28,"chr21_44874770"
"chr21",45406313,45406313,1,"*",17,6,11,12,5,7,NA,NA,NA,11,4,7,10,5,5,NA,NA,NA,13,2,11,16,8,8,16,3,13,17,9,8,11,3,8,13,9,4,18,8,10,11,7,4,15,6,9,14,8,6,17,7,10,39,12,27,19,9,10,19,8,11,16,6,10,NA,NA,NA,19,14,5,10,5,5,17,9,8,20,10,10,16,8,8,NA,NA,NA,14,8,6,22,17,5,15,10,5,12,10,2,28,23,5,22,15,7,18,10,8,19,13,6,13,10,3,23,15,8,19,10,9,49,39,10,"chr21_45406313"
"chr22",17860040,17860040,1,"*",17,12,5,21,16,5,NA,NA,NA,17,15,2,16,12,4,26,17,9,NA,NA,NA,18,14,4,15,9,6,14,10,4,15,10,5,12,11,1,19,13,6,17,12,5,15,12,3,35,31,4,22,18,4,25,18,7,29,24,5,27,21,6,26,21,5,11,11,0,14,13,1,NA,NA,NA,20,17,3,24,22,2,20,13,7,16,15,1,16,16,0,25,23,2,27,26,1,16,14,2,27,23,4,27,24,3,19,17,2,15,13,2,11,10,1,15,13,2,28,27,1,25,23,2,"chr22_17860040"
"chr22",35481026,35481026,1,"*",20,4,16,19,7,12,10,2,8,15,5,10,28,6,22,14,5,9,13,5,8,16,5,11,17,7,10,11,4,7,18,5,13,25,9,16,NA,NA,NA,15,4,11,14,5,9,17,8,9,26,9,17,31,5,26,22,8,14,14,5,9,19,8,11,20,13,7,23,9,14,22,8,14,21,13,8,14,6,8,10,3,7,17,11,6,29,13,16,19,16,3,20,6,14,17,6,11,26,14,12,27,17,10,27,13,14,24,13,11,25,14,11,27,14,13,32,16,16,36,17,19,"chr22_35481026"
"chr22",43185755,43185755,1,"*",15,4,11,18,3,15,NA,NA,NA,NA,NA,NA,19,9,10,10,3,7,20,8,12,21,8,13,11,3,8,16,6,10,16,4,12,23,4,19,15,3,12,20,4,16,NA,NA,NA,31,17,14,25,7,18,19,3,16,33,10,23,23,5,18,11,5,6,14,7,7,21,10,11,14,6,8,34,14,20,26,12,14,22,11,11,19,9,10,19,6,13,15,9,6,22,9,13,22,10,12,32,20,12,30,18,12,24,14,10,23,9,14,25,11,14,25,10,15,30,17,13,43,18,25,"chr22_43185755"
"chr22",43987839,43987839,1,"*",26,18,8,27,17,10,23,13,10,22,13,9,29,17,12,35,24,11,28,22,6,25,17,8,38,30,8,28,19,9,21,12,9,25,14,11,19,12,7,41,29,12,24,18,6,26,20,6,41,32,9,40,29,11,44,30,14,25,17,8,28,21,7,16,15,1,20,15,5,34,23,11,20,17,3,30,22,8,19,13,6,39,36,3,24,21,3,29,27,2,36,28,8,23,17,6,47,41,6,47,42,5,31,24,7,20,18,2,41,33,8,30,22,8,30,26,4,34,27,7,"chr22_43987839"
"chr3",7947363,7947363,1,"*",20,0,20,21,0,21,10,0,10,25,14,11,37,24,13,37,0,37,17,1,16,22,0,22,25,0,25,28,0,28,33,20,13,33,17,16,16,0,16,32,20,12,30,0,30,31,1,30,48,29,19,29,0,29,34,0,34,34,22,12,29,16,13,14,0,14,27,1,26,28,0,28,13,0,13,25,0,25,32,0,32,20,0,20,20,1,19,24,0,24,31,0,31,24,1,23,19,0,19,39,0,39,29,0,29,25,0,25,36,0,36,24,0,24,13,0,13,28,0,28,"chr3_7947363"
"chr3",11655395,11655395,1,"*",14,7,7,26,14,12,16,10,6,17,10,7,20,13,7,22,11,11,26,17,9,13,9,4,26,19,7,24,15,9,18,9,9,15,8,7,30,21,9,21,14,7,20,15,5,35,19,16,33,25,8,28,15,13,34,25,9,23,11,12,24,17,7,22,18,4,34,27,7,29,18,11,17,14,3,24,21,3,22,17,5,20,18,2,28,19,9,31,27,4,28,21,7,26,20,6,33,28,5,22,17,5,30,24,6,30,24,6,37,29,8,30,20,10,34,28,6,41,31,10,"chr3_11655395"
"chr3",12276670,12276670,1,"*",19,14,5,14,10,4,22,17,5,18,12,6,15,11,4,28,15,13,19,14,5,17,12,5,33,20,13,25,19,6,21,16,5,18,14,4,19,16,3,16,13,3,17,14,3,18,15,3,25,15,10,37,25,12,27,18,9,26,19,7,25,22,3,13,12,1,22,18,4,15,12,3,20,17,3,19,19,0,21,13,8,20,18,2,32,28,4,28,25,3,29,25,4,24,18,6,31,31,0,35,31,4,29,28,1,24,21,3,29,24,5,21,18,3,16,13,3,30,24,6,"chr3_12276670"
"chr3",42407282,42407282,1,"*",20,11,9,14,9,5,NA,NA,NA,13,9,4,13,8,5,16,11,5,15,10,5,13,8,5,15,9,6,18,13,5,NA,NA,NA,NA,NA,NA,16,14,2,14,9,5,12,9,3,16,9,7,15,11,4,30,24,6,21,12,9,13,4,9,18,12,6,16,14,2,19,17,2,19,13,6,19,14,5,14,13,1,13,10,3,17,14,3,16,13,3,19,17,2,16,15,1,19,16,3,24,20,4,25,17,8,16,13,3,22,18,4,20,18,2,14,9,5,21,18,3,27,23,4,"chr3_42407282"
"chr3",46412575,46412575,1,"*",28,15,13,23,12,11,NA,NA,NA,13,6,7,21,12,9,19,11,8,26,17,9,21,11,10,30,18,12,19,13,6,14,10,4,13,9,4,26,13,13,18,11,7,18,14,4,26,17,9,34,28,6,36,18,18,28,18,10,25,16,9,22,14,8,20,17,3,27,18,9,23,17,6,20,16,4,21,17,4,21,19,2,24,18,6,25,22,3,31,24,7,14,12,2,28,23,5,28,18,10,29,24,5,33,23,10,22,17,5,23,15,8,38,26,12,22,16,6,28,20,8,"chr3_46412575"
"chr3",49718851,49718851,1,"*",NA,NA,NA,NA,NA,NA,NA,NA,NA,NA,NA,NA,17,9,8,11,6,5,19,11,8,11,6,5,19,9,10,13,6,7,15,10,5,11,5,6,13,10,3,14,6,8,NA,NA,NA,17,12,5,18,10,8,35,24,11,25,16,9,20,15,5,16,8,8,11,9,2,17,14,3,15,13,2,17,13,4,NA,NA,NA,14,10,4,11,7,4,10,8,2,15,12,3,12,10,2,12,9,3,27,21,6,22,17,5,16,13,3,16,9,7,12,10,2,23,16,7,24,20,4,73,66,7,"chr3_49718851"
"chr3",51673008,51673008,1,"*",33,24,9,37,21,16,29,19,10,29,18,11,33,19,14,38,25,13,34,20,14,31,18,13,45,29,16,40,23,17,49,25,24,38,29,9,52,31,21,29,19,10,42,23,19,43,28,15,48,28,20,43,28,15,46,27,19,41,19,22,24,18,6,30,19,11,43,29,14,42,27,15,30,19,11,33,24,9,43,33,10,31,22,9,37,25,12,34,30,4,46,35,11,43,32,11,44,35,9,36,28,8,34,27,7,54,46,8,40,29,11,38,29,9,33,22,11,37,27,10,"chr3_51673008"
"chr3",55906348,55906348,1,"*",NA,NA,NA,NA,NA,NA,NA,NA,NA,NA,NA,NA,NA,NA,NA,NA,NA,NA,15,0,15,NA,NA,NA,12,0,12,NA,NA,NA,NA,NA,NA,NA,NA,NA,11,0,11,NA,NA,NA,NA,NA,NA,12,0,12,NA,NA,NA,20,0,20,13,1,12,NA,NA,NA,13,0,13,NA,NA,NA,NA,NA,NA,11,6,5,14,5,9,18,9,9,NA,NA,NA,NA,NA,NA,19,10,9,16,8,8,16,8,8,11,0,11,15,11,4,13,1,12,14,9,5,16,11,5,11,0,11,11,5,6,15,9,6,19,1,18,"chr3_55906348"
"chr3",56759956,56759956,1,"*",31,21,10,29,19,10,19,11,8,30,22,8,28,19,9,45,31,14,36,27,9,40,26,14,44,22,22,32,28,4,39,23,16,33,23,10,38,27,11,30,19,11,27,21,6,53,33,20,52,37,15,46,32,14,47,36,11,41,26,15,27,22,5,26,23,3,23,18,5,32,22,10,40,33,7,41,31,10,38,30,8,33,26,7,39,28,11,50,43,7,53,40,13,41,30,11,48,42,6,39,29,10,30,24,6,28,24,4,43,37,6,48,36,12,44,38,6,51,38,13,"chr3_56759956"
"chr3",56929672,56929672,1,"*",39,23,16,37,20,17,19,15,4,30,26,4,39,28,11,47,27,20,30,22,8,41,24,17,28,20,8,27,17,10,29,22,7,34,23,11,40,31,9,29,18,11,33,27,6,49,33,16,45,32,13,52,34,18,46,38,8,37,21,16,32,24,8,24,19,5,37,31,6,35,28,7,37,32,5,30,19,11,50,46,4,40,32,8,49,37,12,27,25,2,37,31,6,42,37,5,43,35,8,49,40,9,42,36,6,40,34,6,41,34,7,41,31,10,50,36,14,55,43,12,"chr3_56929672"
"chr3",59013968,59013968,1,"*",43,22,21,NA,NA,NA,36,21,15,40,28,12,38,27,11,58,39,19,53,41,12,61,49,12,59,43,16,73,57,16,50,42,8,45,36,9,59,48,11,46,38,8,42,33,9,71,56,15,52,37,15,60,50,10,72,45,27,44,30,14,29,23,6,34,31,3,69,58,11,52,46,6,60,50,10,37,32,5,46,40,6,53,46,7,49,43,6,60,47,13,57,48,9,52,45,7,52,40,12,63,54,9,49,44,5,42,38,4,63,50,13,58,46,12,40,31,9,47,39,8,"chr3_59013968"
"chr3",75645865,75645865,1,"*",29,22,7,32,27,5,17,15,2,30,22,8,32,24,8,20,12,8,38,31,7,42,31,11,45,36,9,45,32,13,47,43,4,43,29,14,38,32,6,46,35,11,31,23,8,30,24,6,34,27,7,55,48,7,47,40,7,44,33,11,37,23,14,21,12,9,43,32,11,40,23,17,37,23,14,35,19,16,45,34,11,56,33,23,49,34,15,52,35,17,40,24,16,49,35,14,44,30,14,47,31,16,50,36,14,37,20,17,45,23,22,40,27,13,44,15,29,40,31,9,"chr3_75645865"
"chr3",76202379,76202379,1,"*",41,19,22,45,31,14,27,21,6,42,27,15,31,23,8,44,29,15,29,22,7,51,38,13,39,31,8,63,40,23,40,24,16,36,25,11,35,24,11,49,37,12,47,37,10,43,31,12,49,40,9,45,27,18,43,33,10,34,24,10,36,28,8,29,23,6,41,32,9,35,27,8,38,29,9,41,36,5,58,46,12,38,34,4,57,46,11,35,31,4,42,32,10,27,23,4,35,28,7,48,41,7,46,38,8,34,27,7,50,42,8,49,40,9,39,35,4,42,33,9,"chr3_76202379"
"chr3",112561899,112561899,1,"*",12,0,12,17,0,17,NA,NA,NA,12,0,12,13,0,13,14,0,14,NA,NA,NA,NA,NA,NA,16,0,16,16,0,16,10,0,10,15,0,15,15,0,15,14,0,14,NA,NA,NA,19,0,19,15,0,15,20,0,20,19,0,19,17,0,17,15,0,15,16,1,15,NA,NA,NA,15,1,14,16,0,16,11,0,11,22,0,22,19,0,19,11,5,6,14,1,13,NA,NA,NA,14,0,14,24,0,24,16,1,15,12,0,12,20,0,20,NA,NA,NA,13,2,11,20,4,16,59,20,39,"chr3_112561899"
"chr3",113476454,113476454,1,"*",17,15,2,27,6,21,13,10,3,22,14,8,24,22,2,19,11,8,21,19,2,28,26,2,29,18,11,38,18,20,27,24,3,24,11,13,21,20,1,27,16,11,14,0,14,30,14,16,22,0,22,43,38,5,32,28,4,25,16,9,22,21,1,14,13,1,21,21,0,28,28,0,32,29,3,19,16,3,39,36,3,28,24,4,28,19,9,34,31,3,40,40,0,36,35,1,31,29,2,24,24,0,32,31,1,38,37,1,30,29,1,38,36,2,29,27,2,33,30,3,"chr3_113476454"
"chr3",124138677,124138677,1,"*",15,14,1,23,15,8,12,8,4,22,16,6,21,14,7,27,21,6,13,8,5,22,18,4,28,25,3,22,15,7,17,13,4,20,15,5,23,17,6,19,14,5,23,16,7,29,21,8,34,22,12,30,20,10,22,16,6,23,23,0,19,13,6,18,16,2,23,21,2,16,15,1,18,15,3,21,19,2,28,24,4,11,10,1,26,21,5,27,25,2,26,23,3,20,18,2,32,27,5,36,29,7,28,23,5,24,21,3,27,25,2,31,26,5,12,9,3,34,29,5,"chr3_124138677"
"chr3",129071043,129071043,1,"*",11,0,11,NA,NA,NA,NA,NA,NA,NA,NA,NA,NA,NA,NA,11,0,11,NA,NA,NA,12,0,12,NA,NA,NA,10,0,10,NA,NA,NA,NA,NA,NA,NA,NA,NA,13,0,13,11,0,11,10,0,10,12,0,12,NA,NA,NA,11,0,11,NA,NA,NA,11,0,11,NA,NA,NA,22,16,6,16,13,3,NA,NA,NA,NA,NA,NA,NA,NA,NA,NA,NA,NA,NA,NA,NA,NA,NA,NA,NA,NA,NA,NA,NA,NA,16,0,16,NA,NA,NA,NA,NA,NA,NA,NA,NA,NA,NA,NA,11,1,10,NA,NA,NA,NA,NA,NA,"chr3_129071043"
"chr3",129555033,129555033,1,"*",21,13,8,17,8,9,NA,NA,NA,21,7,14,20,12,8,17,12,5,14,8,6,28,15,13,27,13,14,13,9,4,24,16,8,15,11,4,19,12,7,24,17,7,15,10,5,19,8,11,26,15,11,36,17,19,23,18,5,22,16,6,23,14,9,21,13,8,25,20,5,18,14,4,15,10,5,26,22,4,20,11,9,27,23,4,15,10,5,22,16,6,27,21,6,23,14,9,29,24,5,24,22,2,25,19,6,23,15,8,17,14,3,23,18,5,24,22,2,40,30,10,"chr3_129555033"
"chr3",133175051,133175051,1,"*",32,31,1,32,30,2,33,31,2,21,19,2,24,22,2,35,35,0,32,32,0,37,37,0,45,43,2,34,33,1,27,26,1,36,36,0,38,35,3,32,31,1,31,30,1,57,56,1,32,32,0,42,41,1,42,39,3,28,28,0,27,27,0,21,13,8,35,34,1,50,48,2,25,24,1,36,20,16,30,30,0,30,28,2,28,13,15,33,19,14,27,11,16,39,39,0,38,22,16,42,19,23,39,36,3,37,35,2,27,27,0,30,13,17,38,19,19,36,33,3,"chr3_133175051"
"chr3",133227354,133227354,1,"*",11,10,1,17,17,0,NA,NA,NA,12,12,0,NA,NA,NA,NA,NA,NA,NA,NA,NA,NA,NA,NA,14,14,0,10,10,0,11,11,0,NA,NA,NA,10,10,0,NA,NA,NA,13,13,0,14,13,1,21,20,1,20,19,1,15,14,1,15,14,1,11,11,0,15,11,4,13,8,5,NA,NA,NA,13,13,0,NA,NA,NA,17,17,0,NA,NA,NA,15,8,7,22,10,12,17,9,8,14,14,0,26,14,12,21,21,0,14,13,1,16,15,1,13,13,0,15,8,7,23,12,11,21,9,12,"chr3_133227354"
"chr3",187735278,187735278,1,"*",34,21,13,41,16,25,12,8,4,34,18,16,30,17,13,29,15,14,26,18,8,43,27,16,42,27,15,46,28,18,34,18,16,30,15,15,36,25,11,33,23,10,33,27,6,47,29,18,31,18,13,54,30,24,37,17,20,31,16,15,28,17,11,32,19,13,36,29,7,22,16,6,38,24,14,26,19,7,43,33,10,33,25,8,28,19,9,39,32,7,47,31,16,45,32,13,47,34,13,38,29,9,31,25,6,48,31,17,43,34,9,43,32,11,38,31,7,32,25,7,"chr3_187735278"
"chr3",188272867,188272867,1,"*",29,21,8,28,18,10,20,12,8,15,14,1,29,22,7,23,18,5,26,20,6,28,22,6,46,36,10,35,22,13,45,32,13,17,10,7,42,29,13,31,20,11,18,16,2,51,39,12,56,41,15,39,35,4,40,30,10,35,21,14,26,23,3,16,16,0,28,22,6,30,23,7,45,41,4,30,29,1,33,28,5,23,18,5,24,20,4,43,36,7,48,41,7,21,16,5,36,29,7,53,47,6,37,31,6,35,30,5,31,28,3,32,29,3,43,40,3,34,27,7,"chr3_188272867"
"chr3",195330091,195330091,1,"*",46,27,19,29,27,2,23,19,4,25,18,7,30,24,6,39,25,14,23,19,4,27,20,7,37,28,9,50,42,8,30,18,12,24,19,5,27,22,5,36,29,7,28,26,2,38,27,11,33,22,11,40,27,13,47,31,16,36,27,9,29,24,5,23,21,2,29,26,3,28,23,5,32,28,4,36,29,7,37,34,3,46,38,8,42,35,7,42,36,6,43,36,7,47,40,7,39,35,4,39,33,6,37,33,4,37,36,1,40,37,3,35,32,3,40,32,8,46,40,6,"chr3_195330091"
"chr3",197379382,197379382,1,"*",14,13,1,24,24,0,17,15,2,15,15,0,26,25,1,16,15,1,13,13,0,10,10,0,25,25,0,22,22,0,16,15,1,19,18,1,18,18,0,20,19,1,15,15,0,22,21,1,30,30,0,26,25,1,30,28,2,22,21,1,25,25,0,11,8,3,19,17,2,26,21,5,23,21,2,20,17,3,29,23,6,13,11,2,17,14,3,24,22,2,18,16,2,31,28,3,28,24,4,29,27,2,17,15,2,29,24,5,26,22,4,23,20,3,22,19,3,21,20,1,"chr3_197379382"
"chr4",1556901,1556901,1,"*",NA,NA,NA,NA,NA,NA,NA,NA,NA,NA,NA,NA,NA,NA,NA,NA,NA,NA,NA,NA,NA,NA,NA,NA,NA,NA,NA,10,2,8,NA,NA,NA,NA,NA,NA,14,4,10,13,2,11,NA,NA,NA,NA,NA,NA,11,2,9,17,6,11,NA,NA,NA,10,1,9,10,3,7,NA,NA,NA,NA,NA,NA,NA,NA,NA,NA,NA,NA,NA,NA,NA,NA,NA,NA,NA,NA,NA,NA,NA,NA,NA,NA,NA,NA,NA,NA,NA,NA,NA,20,9,11,NA,NA,NA,10,5,5,11,6,5,NA,NA,NA,15,8,7,NA,NA,NA,39,29,10,"chr4_1556901"
"chr4",2358441,2358441,1,"*",21,10,11,15,10,5,10,6,4,22,14,8,14,9,5,16,12,4,20,13,7,21,10,11,21,16,5,11,6,5,18,15,3,21,14,7,25,18,7,16,10,6,12,7,5,25,16,9,21,13,8,37,27,10,25,14,11,18,12,6,18,15,3,20,18,2,22,19,3,27,21,6,25,19,6,22,21,1,23,17,6,28,21,7,28,25,3,22,19,3,27,21,6,24,20,4,37,26,11,30,20,10,18,13,5,15,14,1,15,9,6,31,28,3,32,27,5,40,32,8,"chr4_2358441"
"chr4",6316875,6316875,1,"*",11,1,10,14,2,12,NA,NA,NA,NA,NA,NA,11,3,8,NA,NA,NA,11,2,9,NA,NA,NA,18,3,15,12,2,10,NA,NA,NA,12,0,12,NA,NA,NA,13,2,11,NA,NA,NA,16,1,15,11,1,10,14,1,13,18,3,15,15,2,13,NA,NA,NA,NA,NA,NA,NA,NA,NA,NA,NA,NA,18,6,12,11,3,8,11,2,9,11,2,9,NA,NA,NA,16,8,8,16,4,12,NA,NA,NA,17,7,10,19,6,13,16,8,8,13,7,6,23,8,15,16,6,10,13,2,11,17,6,11,"chr4_6316875"
"chr4",7869115,7869115,1,"*",24,19,5,36,27,9,47,45,2,30,23,7,40,31,9,42,39,3,33,26,7,50,39,11,52,44,8,30,24,6,52,41,11,25,19,6,29,25,4,33,23,10,55,45,10,48,37,11,29,26,3,35,25,10,41,36,5,45,36,9,29,20,9,20,14,6,41,33,8,33,23,10,18,13,5,21,13,8,19,12,7,28,14,14,18,10,8,31,21,10,37,25,12,26,21,5,43,24,19,29,15,14,35,22,13,30,20,10,41,28,13,40,32,8,27,16,11,30,19,11,"chr4_7869115"
"chr4",66794621,66794621,1,"*",45,16,29,31,18,13,33,17,16,34,12,22,22,13,9,45,19,26,27,12,15,52,20,32,55,27,28,74,34,40,43,17,26,42,23,19,43,24,19,31,15,16,39,17,22,51,23,28,43,25,18,43,17,26,40,20,20,33,22,11,36,15,21,20,9,11,41,24,17,32,17,15,45,24,21,38,23,15,53,34,19,41,23,18,30,17,13,43,25,18,39,19,20,44,30,14,41,24,17,49,26,23,34,22,12,49,32,17,48,31,17,45,23,22,42,30,12,49,29,20,"chr4_66794621"
"chr4",105895742,105895742,1,"*",12,0,12,12,0,12,NA,NA,NA,NA,NA,NA,NA,NA,NA,12,0,12,NA,NA,NA,12,0,12,15,0,15,NA,NA,NA,12,0,12,10,0,10,11,0,11,NA,NA,NA,NA,NA,NA,11,0,11,15,0,15,19,0,19,10,0,10,17,0,17,16,0,16,NA,NA,NA,14,0,14,10,0,10,16,3,13,NA,NA,NA,11,1,10,13,0,13,22,2,20,12,2,10,18,1,17,19,1,18,23,1,22,19,2,17,12,0,12,19,1,18,NA,NA,NA,NA,NA,NA,22,3,19,55,23,32,"chr4_105895742"
"chr4",112523873,112523873,1,"*",23,0,23,12,0,12,NA,NA,NA,10,0,10,NA,NA,NA,NA,NA,NA,12,0,12,12,0,12,14,0,14,16,0,16,14,0,14,10,0,10,13,0,13,15,1,14,13,0,13,17,1,16,11,0,11,25,0,25,14,0,14,16,0,16,20,0,20,10,1,9,11,1,10,14,2,12,24,2,22,10,0,10,NA,NA,NA,14,1,13,18,1,17,24,8,16,13,1,12,16,2,14,20,0,20,14,0,14,NA,NA,NA,18,1,17,17,3,14,12,0,12,11,1,10,32,11,21,"chr4_112523873"
"chr4",147303973,147303973,1,"*",52,41,11,37,23,14,40,22,18,31,24,7,35,29,6,50,39,11,23,19,4,51,38,13,64,53,11,66,49,17,46,36,10,36,30,6,35,29,6,53,39,14,38,35,3,51,38,13,39,32,7,46,25,21,59,47,12,42,30,12,39,26,13,30,24,6,49,45,4,44,37,7,29,25,4,31,29,2,56,52,4,39,34,5,44,42,2,47,34,13,60,53,7,54,47,7,45,39,6,55,43,12,43,38,5,49,42,7,48,44,4,41,39,2,32,28,4,42,38,4,"chr4_147303973"
"chr4",147839423,147839423,1,"*",38,18,20,31,21,10,18,9,9,36,21,15,27,16,11,30,16,14,43,22,21,43,28,15,40,24,16,38,20,18,43,24,19,26,13,13,30,20,10,38,28,10,33,24,9,46,32,14,59,34,25,49,30,19,43,21,22,44,27,17,31,24,7,17,10,7,38,27,11,36,26,10,33,24,9,35,24,11,37,27,10,27,15,12,32,21,11,36,31,5,43,31,12,43,33,10,26,16,10,51,36,15,42,35,7,36,28,8,43,36,7,28,21,7,34,26,8,46,33,13,"chr4_147839423"
"chr4",161286628,161286628,1,"*",40,31,9,39,27,12,51,34,17,36,26,10,38,32,6,48,33,15,34,25,9,51,38,13,53,38,15,62,46,16,57,41,16,26,19,7,39,31,8,52,46,6,47,40,7,30,22,8,39,30,9,37,28,9,61,49,12,47,30,17,38,28,10,27,25,2,31,24,7,41,34,7,33,28,5,30,24,6,43,35,8,38,33,5,34,30,4,31,28,3,46,37,9,39,33,6,37,31,6,38,36,2,43,38,5,37,33,4,40,31,9,45,37,8,36,30,6,27,25,2,"chr4_161286628"
"chr4",177549792,177549792,1,"*",13,13,0,NA,NA,NA,NA,NA,NA,NA,NA,NA,10,7,3,NA,NA,NA,NA,NA,NA,15,11,4,NA,NA,NA,NA,NA,NA,NA,NA,NA,12,6,6,NA,NA,NA,NA,NA,NA,NA,NA,NA,NA,NA,NA,NA,NA,NA,NA,NA,NA,12,0,12,NA,NA,NA,14,10,4,11,10,1,NA,NA,NA,NA,NA,NA,12,11,1,NA,NA,NA,19,19,0,11,11,0,NA,NA,NA,NA,NA,NA,14,12,2,22,21,1,44,43,1,10,10,0,13,13,0,NA,NA,NA,12,11,1,15,15,0,16,15,1,33,32,1,"chr4_177549792"
"chr4",183352927,183352927,1,"*",33,22,11,33,18,15,17,12,5,27,20,7,24,13,11,27,14,13,32,18,14,27,18,9,30,19,11,35,21,14,31,20,11,26,17,9,30,20,10,39,28,11,30,19,11,40,26,14,44,28,16,45,31,14,28,18,10,35,16,19,31,23,8,22,13,9,39,31,8,29,22,7,32,26,6,33,25,8,35,24,11,29,20,9,30,25,5,30,25,5,39,30,9,39,30,9,26,22,4,34,27,7,39,32,7,36,30,6,57,43,14,31,25,6,35,26,9,34,27,7,"chr4_183352927"
"chr4",183721451,183721451,1,"*",23,3,20,11,2,9,11,4,7,18,3,15,23,5,18,11,1,10,18,1,17,NA,NA,NA,24,3,21,19,0,19,21,3,18,21,1,20,21,6,15,18,3,15,10,1,9,27,3,24,36,5,31,31,4,27,21,2,19,15,1,14,21,4,17,18,5,13,19,3,16,22,10,12,24,4,20,13,2,11,21,7,14,15,5,10,29,10,19,23,8,15,20,8,12,16,4,12,34,10,24,22,9,13,21,6,15,32,10,22,18,9,9,26,6,20,24,2,22,24,10,14,"chr4_183721451"
"chr5",524910,524910,1,"*",NA,NA,NA,13,1,12,13,3,10,NA,NA,NA,13,4,9,12,0,12,12,2,10,NA,NA,NA,19,4,15,NA,NA,NA,13,1,12,13,3,10,23,4,19,18,2,16,14,3,11,11,3,8,17,7,10,34,5,29,16,4,12,21,5,16,NA,NA,NA,10,3,7,15,2,13,14,8,6,16,6,10,25,5,20,NA,NA,NA,18,5,13,14,8,6,12,5,7,15,5,10,18,5,13,39,17,22,19,7,12,19,6,13,13,4,9,11,3,8,32,12,20,18,6,12,64,31,33,"chr5_524910"
"chr5",612695,612695,1,"*",NA,NA,NA,NA,NA,NA,NA,NA,NA,NA,NA,NA,NA,NA,NA,NA,NA,NA,13,0,13,NA,NA,NA,12,0,12,11,0,11,NA,NA,NA,NA,NA,NA,NA,NA,NA,11,0,11,NA,NA,NA,NA,NA,NA,NA,NA,NA,16,0,16,15,0,15,NA,NA,NA,NA,NA,NA,NA,NA,NA,NA,NA,NA,NA,NA,NA,NA,NA,NA,14,0,14,NA,NA,NA,NA,NA,NA,NA,NA,NA,12,5,7,NA,NA,NA,NA,NA,NA,NA,NA,NA,NA,NA,NA,NA,NA,NA,11,0,11,NA,NA,NA,NA,NA,NA,NA,NA,NA,74,30,44,"chr5_612695"
"chr5",7059359,7059359,1,"*",41,22,19,33,14,19,22,11,11,30,13,17,30,16,14,38,13,25,37,25,12,27,11,16,39,23,16,37,19,18,26,15,11,22,14,8,30,16,14,28,16,12,23,15,8,50,22,28,43,21,22,46,18,28,44,20,24,43,22,21,37,17,20,22,16,6,39,26,13,49,34,15,39,23,16,27,12,15,42,23,19,24,14,10,43,29,14,42,29,13,47,26,21,50,32,18,37,28,9,57,35,22,45,33,12,48,32,16,31,17,14,40,23,17,26,19,7,35,26,9,"chr5_7059359"
"chr5",16744863,16744863,1,"*",32,21,11,22,15,7,28,17,11,28,20,8,25,20,5,16,10,6,36,25,11,37,28,9,37,29,8,31,22,9,32,24,8,28,26,2,26,21,5,32,23,9,33,25,8,29,22,7,49,43,6,47,34,13,50,37,13,40,28,12,22,19,3,23,20,3,36,27,9,29,22,7,22,19,3,21,19,2,24,21,3,23,19,4,31,26,5,39,35,4,37,31,6,41,34,7,35,26,9,33,28,5,41,35,6,25,24,1,32,31,1,28,27,1,42,38,4,42,37,5,"chr5_16744863"
"chr5",46356655,46356655,1,"*",44,31,13,27,18,9,17,12,5,25,19,6,32,18,14,37,23,14,31,21,10,50,41,9,53,31,22,54,33,21,42,26,16,25,15,10,37,27,10,46,32,14,28,20,8,33,19,14,42,33,9,39,28,11,44,33,11,46,29,17,40,20,20,28,20,8,46,34,12,35,22,13,42,33,9,30,27,3,42,33,9,36,28,8,30,20,10,39,31,8,37,32,5,39,30,9,34,27,7,67,51,16,48,37,11,50,44,6,46,36,10,31,22,9,27,21,6,47,40,7,"chr5_46356655"
"chr5",50376910,50376910,1,"*",10,8,2,NA,NA,NA,NA,NA,NA,12,7,5,12,10,2,NA,NA,NA,NA,NA,NA,11,9,2,14,10,4,11,7,4,11,11,0,NA,NA,NA,15,13,2,15,10,5,NA,NA,NA,16,11,5,14,10,4,31,26,5,NA,NA,NA,13,9,4,22,13,9,10,10,0,10,7,3,13,12,1,17,15,2,14,14,0,16,15,1,16,13,3,15,15,0,10,10,0,16,14,2,17,14,3,22,20,2,NA,NA,NA,17,14,3,NA,NA,NA,NA,NA,NA,10,9,1,18,17,1,61,57,4,"chr5_50376910"
"chr5",75704103,75704103,1,"*",14,7,7,19,16,3,10,7,3,13,13,0,17,13,4,10,7,3,11,8,3,26,24,2,17,15,2,20,15,5,25,21,4,14,14,0,20,17,3,21,17,4,15,14,1,30,26,4,24,21,3,33,27,6,31,27,4,28,24,4,17,15,2,14,13,1,20,20,0,16,15,1,20,20,0,26,25,1,21,19,2,27,23,4,20,20,0,15,15,0,22,21,1,19,18,1,29,29,0,35,33,2,24,23,1,27,25,2,23,21,2,23,22,1,26,25,1,26,25,1,"chr5_75704103"
"chr5",96052002,96052002,1,"*",38,20,18,42,28,14,36,27,9,18,12,6,27,15,12,35,17,18,30,24,6,45,28,17,43,34,9,55,38,17,45,30,15,25,15,10,31,21,10,32,23,9,29,22,7,42,30,12,37,31,6,32,22,10,35,24,11,24,14,10,32,23,9,22,17,5,33,30,3,24,21,3,38,31,7,36,29,7,34,25,9,36,25,11,29,24,5,35,28,7,44,38,6,36,30,6,41,30,11,35,27,8,45,41,4,30,23,7,50,42,8,33,26,7,36,28,8,35,28,7,"chr5_96052002"
"chr5",115520128,115520128,1,"*",45,31,14,46,32,14,28,22,6,34,24,10,28,25,3,43,27,16,40,27,13,51,35,16,55,42,13,55,36,19,44,28,16,41,33,8,45,35,10,34,25,9,39,32,7,42,30,12,46,30,16,49,31,18,40,28,12,34,22,12,34,27,7,32,30,2,35,27,8,43,30,13,38,30,8,42,34,8,63,48,15,43,33,10,41,33,8,45,42,3,72,58,14,48,39,9,40,32,8,54,42,12,40,35,5,47,41,6,48,43,5,39,35,4,37,31,6,41,32,9,"chr5_115520128"
"chr5",141226809,141226809,1,"*",32,8,24,36,10,26,24,17,7,21,10,11,26,13,13,32,12,20,26,9,17,24,8,16,37,17,20,32,8,24,29,14,15,23,6,17,35,12,23,33,13,20,18,6,12,30,12,18,35,14,21,46,18,28,32,13,19,22,9,13,31,6,25,35,21,14,31,16,15,37,18,19,39,19,20,27,13,14,31,17,14,35,13,22,39,21,18,34,20,14,33,17,16,31,23,8,41,16,25,49,21,28,34,15,19,47,26,21,33,24,9,27,20,7,43,29,14,43,26,17,"chr5_141226809"
"chr5",151511697,151511697,1,"*",34,24,10,29,26,3,28,21,7,36,31,5,27,27,0,34,28,6,19,16,3,29,27,2,32,24,8,28,25,3,31,25,6,15,10,5,26,24,2,23,19,4,27,22,5,34,23,11,32,28,4,36,32,4,34,30,4,44,34,10,26,21,5,25,24,1,42,41,1,29,27,2,25,24,1,30,28,2,33,32,1,20,18,2,28,27,1,31,26,5,33,31,2,33,30,3,42,38,4,39,37,2,33,28,5,32,31,1,42,38,4,37,37,0,29,28,1,36,31,5,"chr5_151511697"
"chr5",157044368,157044368,1,"*",NA,NA,NA,NA,NA,NA,NA,NA,NA,12,6,6,NA,NA,NA,21,13,8,17,9,8,21,15,6,12,8,4,15,10,5,13,8,5,NA,NA,NA,12,7,5,12,2,10,12,7,5,10,4,6,18,9,9,NA,NA,NA,14,10,4,12,3,9,10,3,7,NA,NA,NA,12,7,5,15,7,8,13,1,12,11,3,8,11,1,10,11,0,11,10,3,7,12,5,7,10,3,7,13,3,10,10,3,7,14,6,8,12,3,9,11,3,8,15,3,12,16,4,12,15,5,10,17,2,15,"chr5_157044368"
"chr5",159903987,159903987,1,"*",33,24,9,32,17,15,13,10,3,24,21,3,28,22,6,30,22,8,30,22,8,29,23,6,35,28,7,40,27,13,25,17,8,27,22,5,35,24,11,24,21,3,25,18,7,32,23,9,33,23,10,50,31,19,34,23,11,32,23,9,29,24,5,26,24,2,28,23,5,31,25,6,42,32,10,35,28,7,28,25,3,22,20,2,30,24,6,35,30,5,41,32,9,33,24,9,42,39,3,36,31,5,35,32,3,25,22,3,32,27,5,40,33,7,32,25,7,31,26,5,"chr5_159903987"
"chr6",171132,171132,1,"*",25,0,25,29,0,29,23,0,23,27,8,19,25,10,15,31,0,31,29,1,28,21,12,9,51,29,22,35,0,35,33,13,20,40,38,2,30,0,30,35,15,20,29,0,29,48,0,48,45,42,3,62,28,34,58,21,37,44,16,28,40,0,40,18,7,11,39,0,39,31,0,31,49,0,49,36,0,36,51,0,51,42,0,42,46,1,45,34,0,34,48,2,46,34,0,34,50,0,50,44,1,43,44,0,44,53,2,51,46,0,46,37,2,35,39,1,38,42,0,42,"chr6_171132"
"chr6",2781064,2781064,1,"*",25,14,11,23,11,12,21,9,12,19,12,7,26,17,9,20,11,9,26,16,10,28,15,13,35,21,14,24,11,13,20,10,10,19,8,11,29,20,9,20,11,9,10,7,3,28,14,14,28,15,13,41,19,22,36,21,15,35,24,11,28,21,7,26,18,8,22,15,7,20,18,2,28,17,11,27,20,7,27,20,7,24,17,7,34,21,13,32,27,5,30,17,13,33,24,9,45,33,12,35,25,10,33,25,8,36,25,11,28,17,11,28,21,7,29,21,8,43,26,17,"chr6_2781064"
"chr6",4472534,4472534,1,"*",26,25,1,29,27,2,15,15,0,18,18,0,NA,NA,NA,13,11,2,21,19,2,24,21,3,31,31,0,35,34,1,27,26,1,NA,NA,NA,35,33,2,29,29,0,15,15,0,35,34,1,39,38,1,46,45,1,29,29,0,35,35,0,25,25,0,12,11,1,16,12,4,17,12,5,34,29,5,28,27,1,16,16,0,38,35,3,30,26,4,21,14,7,19,15,4,24,23,1,25,18,7,35,33,2,28,28,0,24,19,5,15,13,2,16,12,4,15,10,5,20,16,4,"chr6_4472534"
"chr6",15892561,15892561,1,"*",21,11,10,19,13,6,15,10,5,15,10,5,28,17,11,20,12,8,16,13,3,34,18,16,23,12,11,19,14,5,27,18,9,23,16,7,28,23,5,25,13,12,17,10,7,28,17,11,23,13,10,32,16,16,25,14,11,22,17,5,28,16,12,17,14,3,22,18,4,23,20,3,39,35,4,17,11,6,18,15,3,32,27,5,24,15,9,35,26,9,26,16,10,22,14,8,34,24,10,35,25,10,24,19,5,34,24,10,24,20,4,27,19,8,23,18,5,31,25,6,"chr6_15892561"
"chr6",20213160,20213160,1,"*",33,10,23,25,3,22,16,11,5,27,8,19,32,14,18,19,5,14,27,10,17,23,6,17,40,17,23,32,14,18,47,18,29,22,7,15,26,11,15,25,9,16,13,6,7,31,8,23,47,15,32,47,17,30,31,14,17,35,14,21,26,15,11,18,10,8,22,8,14,23,9,14,36,18,18,27,18,9,32,14,18,25,14,11,27,13,14,41,30,11,34,18,16,25,13,12,35,17,18,21,10,11,31,15,16,38,19,19,32,17,15,39,19,20,58,29,29,36,19,17,"chr6_20213160"
"chr6",21242904,21242904,1,"*",31,21,10,31,19,12,26,20,6,35,22,13,28,18,10,31,24,7,27,19,8,26,25,1,42,29,13,42,26,16,35,23,12,31,18,13,27,21,6,40,27,13,26,17,9,40,29,11,53,35,18,39,23,16,47,25,22,33,22,11,33,22,11,25,18,7,35,27,8,42,31,11,31,25,6,33,28,5,33,24,9,24,18,6,29,24,5,24,22,2,66,52,14,36,26,10,36,30,6,30,23,7,29,24,5,28,24,4,37,26,11,32,24,8,40,29,11,42,36,6,"chr6_21242904"
"chr6",24562323,24562323,1,"*",41,35,6,39,29,10,34,28,6,31,25,6,37,29,8,44,38,6,41,34,7,46,34,12,49,40,9,48,39,9,53,43,10,42,32,10,34,27,7,38,31,7,40,32,8,41,34,7,52,36,16,64,52,12,57,44,13,39,31,8,33,26,7,19,18,1,41,36,5,37,28,9,59,54,5,29,27,2,39,34,5,31,27,4,27,25,2,49,48,1,51,43,8,46,42,4,53,50,3,46,40,6,44,38,6,43,43,0,54,49,5,57,55,2,35,30,5,48,40,8,"chr6_24562323"
"chr6",30127453,30127453,1,"*",17,1,16,21,2,19,NA,NA,NA,18,1,17,17,1,16,18,1,17,15,1,14,17,2,15,20,0,20,22,2,20,22,2,20,12,0,12,13,1,12,15,0,15,13,2,11,19,0,19,27,2,25,38,2,36,19,1,18,19,2,17,22,2,20,17,4,13,21,1,20,15,3,12,27,9,18,27,3,24,22,5,17,20,2,18,21,5,16,25,4,21,27,5,22,19,3,16,34,2,32,34,2,32,26,5,21,27,5,22,26,3,23,28,4,24,32,5,27,55,24,31,"chr6_30127453"
"chr6",30260433,30260433,1,"*",12,2,10,12,0,12,11,0,11,NA,NA,NA,13,1,12,15,1,14,13,0,13,20,1,19,20,2,18,18,3,15,26,4,22,17,2,15,16,0,16,21,1,20,16,2,14,12,1,11,16,1,15,30,1,29,11,0,11,16,0,16,24,1,23,23,5,18,16,5,11,15,1,14,26,3,23,22,1,21,21,2,19,NA,NA,NA,16,3,13,20,4,16,13,3,10,21,5,16,31,5,26,24,2,22,15,2,13,17,6,11,22,7,15,22,3,19,27,4,23,40,13,27,"chr6_30260433"
"chr6",36417967,36417967,1,"*",16,9,7,NA,NA,NA,NA,NA,NA,10,10,0,11,8,3,11,7,4,14,10,4,10,8,2,NA,NA,NA,NA,NA,NA,20,19,1,11,6,5,16,15,1,12,11,1,NA,NA,NA,14,10,4,16,11,5,17,12,5,18,15,3,NA,NA,NA,12,6,6,14,14,0,18,17,1,11,11,0,17,17,0,19,18,1,13,12,1,13,13,0,NA,NA,NA,16,15,1,16,15,1,12,12,0,20,19,1,13,10,3,14,14,0,25,25,0,NA,NA,NA,NA,NA,NA,15,15,0,31,30,1,"chr6_36417967"
"chr6",44344218,44344218,1,"*",22,10,12,28,11,17,11,7,4,19,12,7,23,12,11,31,15,16,23,11,12,17,7,10,33,19,14,28,15,13,24,11,13,15,8,7,26,13,13,28,10,18,18,12,6,22,12,10,34,17,17,24,10,14,26,14,12,29,10,19,17,12,5,NA,NA,NA,29,20,9,14,9,5,19,13,6,24,17,7,23,12,11,22,17,5,30,17,13,36,32,4,19,11,8,19,12,7,39,32,7,26,18,8,14,8,6,26,22,4,20,12,8,47,27,20,28,20,8,29,16,13,"chr6_44344218"
"chr6",44353005,44353005,1,"*",40,26,14,39,23,16,NA,NA,NA,28,21,7,18,9,9,23,18,5,29,24,5,31,19,12,37,26,11,35,25,10,32,22,10,23,17,6,32,21,11,30,16,14,25,18,7,39,25,14,41,27,14,44,22,22,33,24,9,45,29,16,25,21,4,31,26,5,34,28,6,32,26,6,30,22,8,29,22,7,27,22,5,32,27,5,44,27,17,31,22,9,43,36,7,26,23,3,47,36,11,42,37,5,41,32,9,34,27,7,26,23,3,33,23,10,35,28,7,49,40,9,"chr6_44353005"
"chr6",45663256,45663256,1,"*",10,2,8,18,5,13,NA,NA,NA,14,5,9,15,6,9,10,4,6,13,4,9,13,5,8,24,4,20,13,3,10,10,6,4,13,5,8,NA,NA,NA,13,5,8,NA,NA,NA,16,8,8,14,7,7,27,6,21,18,5,13,20,9,11,10,4,6,NA,NA,NA,NA,NA,NA,16,8,8,17,8,9,10,6,4,14,5,9,NA,NA,NA,14,7,7,14,8,6,17,7,10,13,7,6,17,11,6,19,10,9,12,8,4,23,13,10,18,12,6,24,11,13,18,12,6,66,60,6,"chr6_45663256"
"chr6",52829271,52829271,1,"*",NA,NA,NA,NA,NA,NA,NA,NA,NA,NA,NA,NA,NA,NA,NA,NA,NA,NA,NA,NA,NA,12,7,5,NA,NA,NA,NA,NA,NA,NA,NA,NA,NA,NA,NA,NA,NA,NA,NA,NA,NA,NA,NA,NA,12,9,3,NA,NA,NA,10,4,6,NA,NA,NA,NA,NA,NA,10,3,7,10,9,1,NA,NA,NA,10,8,2,NA,NA,NA,NA,NA,NA,NA,NA,NA,NA,NA,NA,NA,NA,NA,NA,NA,NA,10,8,2,11,9,2,21,16,5,15,14,1,NA,NA,NA,14,14,0,10,9,1,15,12,3,11,9,2,56,50,6,"chr6_52829271"
"chr6",57254820,57254820,1,"*",13,0,13,11,0,11,NA,NA,NA,14,0,14,NA,NA,NA,NA,NA,NA,13,0,13,18,0,18,10,0,10,10,0,10,NA,NA,NA,NA,NA,NA,14,0,14,NA,NA,NA,NA,NA,NA,10,0,10,14,0,14,11,0,11,16,0,16,10,0,10,NA,NA,NA,NA,NA,NA,11,0,11,20,17,3,10,0,10,10,0,10,NA,NA,NA,23,17,6,NA,NA,NA,12,1,11,NA,NA,NA,30,22,8,13,0,13,12,0,12,10,0,10,25,18,7,NA,NA,NA,NA,NA,NA,21,13,8,NA,NA,NA,"chr6_57254820"
"chr6",62775741,62775741,1,"*",35,10,25,40,15,25,31,14,17,34,9,25,32,13,19,52,16,36,37,14,23,44,22,22,55,25,30,67,33,34,35,18,17,31,11,20,40,19,21,44,22,22,34,18,16,56,22,34,54,23,31,43,18,25,60,23,37,46,20,26,42,15,27,27,18,9,30,10,20,36,19,17,60,34,26,48,23,25,56,30,26,42,24,18,41,18,23,45,29,16,65,38,27,48,24,24,39,22,17,48,22,26,35,17,18,34,20,14,44,25,19,50,24,26,40,20,20,53,29,24,"chr6_62775741"
"chr6",71912219,71912219,1,"*",43,28,15,35,26,9,36,25,11,26,23,3,22,16,6,45,30,15,38,29,9,41,30,11,56,40,16,58,40,18,47,34,13,44,34,10,43,33,10,37,26,11,38,25,13,53,29,24,55,32,23,44,24,20,49,28,21,32,22,10,35,22,13,28,24,4,38,26,12,43,28,15,42,35,7,38,29,9,45,35,10,47,40,7,51,37,14,48,42,6,47,37,10,44,35,9,41,33,8,63,49,14,43,36,7,41,31,10,64,54,10,50,37,13,37,27,10,37,30,7,"chr6_71912219"
"chr6",88839822,88839822,1,"*",46,24,22,50,27,23,39,33,6,52,37,15,43,28,15,63,43,20,47,27,20,47,32,15,75,47,28,70,45,25,59,42,17,39,28,11,57,42,15,51,32,19,47,34,13,33,22,11,61,36,25,51,29,22,57,38,19,48,37,11,35,24,11,44,37,7,53,41,12,41,30,11,43,32,11,32,23,9,50,40,10,38,28,10,44,30,14,53,41,12,71,53,18,45,34,11,42,38,4,49,38,11,54,43,11,43,32,11,64,49,15,46,33,13,40,29,11,47,35,12,"chr6_88839822"
"chr6",90769006,90769006,1,"*",38,37,1,25,23,2,29,28,1,22,22,0,23,23,0,45,45,0,21,19,2,41,39,2,42,42,0,44,41,3,47,45,2,33,33,0,33,30,3,32,32,0,29,28,1,51,45,6,44,40,4,34,33,1,45,41,4,31,30,1,29,28,1,21,20,1,40,26,14,39,36,3,44,21,23,14,14,0,35,33,2,44,43,1,24,22,2,44,43,1,26,16,10,46,43,3,32,31,1,63,33,30,42,21,21,42,20,22,40,22,18,43,39,4,25,13,12,39,38,1,"chr6_90769006"
"chr6",107990758,107990758,1,"*",22,15,7,15,9,6,20,10,10,18,10,8,21,15,6,26,17,9,32,16,16,24,13,11,29,18,11,38,27,11,15,11,4,23,18,5,33,23,10,22,15,7,23,16,7,40,23,17,36,20,16,51,31,20,48,25,23,26,15,11,19,14,5,NA,NA,NA,25,20,5,25,15,10,31,19,12,25,16,9,21,17,4,24,18,6,19,14,5,24,21,3,24,20,4,29,25,4,31,25,6,27,19,8,30,23,7,18,14,4,22,14,8,25,20,5,33,24,9,36,31,5,"chr6_107990758"
"chr6",119741668,119741668,1,"*",35,24,11,38,24,14,26,16,10,24,16,8,35,22,13,52,30,22,24,19,5,49,36,13,54,35,19,52,30,22,37,23,14,25,16,9,36,21,15,21,14,7,34,29,5,38,20,18,43,28,15,42,22,20,39,21,18,28,18,10,28,13,15,22,16,6,26,18,8,37,26,11,26,21,5,28,22,6,38,32,6,31,24,7,29,21,8,40,30,10,36,29,7,34,25,9,39,31,8,40,31,9,31,22,9,31,22,9,28,18,10,38,24,14,31,21,10,34,30,4,"chr6_119741668"
"chr6",123347305,123347305,1,"*",19,0,19,11,0,11,20,3,17,22,0,22,16,0,16,26,0,26,20,0,20,22,0,22,21,0,21,30,1,29,16,0,16,18,0,18,19,0,19,18,1,17,22,0,22,28,1,27,17,0,17,14,0,14,24,0,24,19,0,19,25,0,25,26,15,11,31,1,30,26,17,9,13,0,13,16,0,16,35,33,2,21,0,21,26,17,9,23,1,22,31,0,31,30,21,9,12,0,12,27,0,27,29,16,13,33,23,10,24,1,23,18,0,18,23,15,8,34,23,11,"chr6_123347305"
"chr6",132401797,132401797,1,"*",15,1,14,14,0,14,12,0,12,NA,NA,NA,16,0,16,12,1,11,NA,NA,NA,NA,NA,NA,21,0,21,10,1,9,NA,NA,NA,NA,NA,NA,10,0,10,11,0,11,13,0,13,18,1,17,31,0,31,26,1,25,19,1,18,11,1,10,19,1,18,10,1,9,15,0,15,13,0,13,17,4,13,18,0,18,13,2,11,NA,NA,NA,14,3,11,13,1,12,13,2,11,14,1,13,20,3,17,16,1,15,NA,NA,NA,19,3,16,15,4,11,20,3,17,17,6,11,31,6,25,"chr6_132401797"
"chr6",140772964,140772964,1,"*",53,32,21,45,35,10,32,24,8,38,24,14,45,36,9,66,47,19,38,29,9,53,30,23,51,41,10,75,55,20,48,30,18,39,34,5,42,33,9,44,30,14,53,44,9,53,42,11,57,43,14,55,43,12,55,41,14,45,34,11,39,33,6,22,21,1,45,40,5,38,31,7,55,45,10,38,32,6,52,47,5,33,28,5,34,26,8,48,43,5,75,67,8,56,47,9,34,27,7,62,58,4,40,36,4,46,41,5,64,54,10,26,19,7,34,27,7,36,27,9,"chr6_140772964"
"chr6",146160052,146160052,1,"*",19,13,6,23,20,3,37,23,14,26,23,3,25,19,6,27,19,8,22,16,6,24,17,7,42,26,16,30,21,9,39,31,8,11,8,3,32,21,11,28,23,5,37,25,12,36,26,10,37,29,8,37,28,9,32,20,12,27,18,9,23,20,3,21,18,3,24,21,3,26,20,6,23,19,4,25,19,6,40,37,3,33,31,2,24,20,4,44,35,9,34,27,7,26,22,4,31,25,6,55,48,7,28,23,5,27,25,2,42,35,7,31,28,3,21,15,6,30,24,6,"chr6_146160052"
"chr6",155866930,155866930,1,"*",NA,NA,NA,NA,NA,NA,NA,NA,NA,NA,NA,NA,NA,NA,NA,NA,NA,NA,NA,NA,NA,NA,NA,NA,NA,NA,NA,NA,NA,NA,NA,NA,NA,NA,NA,NA,NA,NA,NA,12,7,5,NA,NA,NA,NA,NA,NA,12,5,7,16,9,7,NA,NA,NA,NA,NA,NA,11,11,0,NA,NA,NA,NA,NA,NA,NA,NA,NA,10,10,0,NA,NA,NA,NA,NA,NA,NA,NA,NA,11,11,0,NA,NA,NA,NA,NA,NA,NA,NA,NA,21,21,0,10,9,1,NA,NA,NA,NA,NA,NA,13,12,1,13,13,0,NA,NA,NA,57,55,2,"chr6_155866930"
"chr6",166393717,166393717,1,"*",13,13,0,NA,NA,NA,NA,NA,NA,NA,NA,NA,NA,NA,NA,NA,NA,NA,NA,NA,NA,12,8,4,14,14,0,10,10,0,NA,NA,NA,NA,NA,NA,12,10,2,NA,NA,NA,NA,NA,NA,NA,NA,NA,12,11,1,14,13,1,15,12,3,10,7,3,12,9,3,NA,NA,NA,NA,NA,NA,NA,NA,NA,NA,NA,NA,NA,NA,NA,NA,NA,NA,NA,NA,NA,NA,NA,NA,10,10,0,NA,NA,NA,NA,NA,NA,15,15,0,14,14,0,12,12,0,NA,NA,NA,NA,NA,NA,14,14,0,NA,NA,NA,98,98,0,"chr6_166393717"
"chr7",282402,282402,1,"*",NA,NA,NA,NA,NA,NA,NA,NA,NA,NA,NA,NA,NA,NA,NA,NA,NA,NA,NA,NA,NA,NA,NA,NA,17,17,0,NA,NA,NA,NA,NA,NA,14,14,0,10,10,0,NA,NA,NA,11,11,0,NA,NA,NA,NA,NA,NA,23,23,0,NA,NA,NA,NA,NA,NA,NA,NA,NA,NA,NA,NA,10,7,3,11,10,1,NA,NA,NA,14,10,4,10,9,1,NA,NA,NA,NA,NA,NA,NA,NA,NA,16,13,3,10,7,3,20,13,7,13,5,8,13,12,1,10,8,2,NA,NA,NA,16,13,3,10,10,0,14,6,8,"chr7_282402"
"chr7",493956,493956,1,"*",NA,NA,NA,NA,NA,NA,NA,NA,NA,NA,NA,NA,NA,NA,NA,NA,NA,NA,NA,NA,NA,NA,NA,NA,NA,NA,NA,NA,NA,NA,NA,NA,NA,NA,NA,NA,10,8,2,NA,NA,NA,NA,NA,NA,NA,NA,NA,19,13,6,19,13,6,11,9,2,11,6,5,NA,NA,NA,12,11,1,NA,NA,NA,NA,NA,NA,11,10,1,NA,NA,NA,NA,NA,NA,NA,NA,NA,NA,NA,NA,14,14,0,NA,NA,NA,NA,NA,NA,16,15,1,11,11,0,16,14,2,NA,NA,NA,NA,NA,NA,13,13,0,15,14,1,74,74,0,"chr7_493956"
"chr7",494386,494386,1,"*",NA,NA,NA,NA,NA,NA,NA,NA,NA,NA,NA,NA,NA,NA,NA,NA,NA,NA,10,7,3,NA,NA,NA,NA,NA,NA,NA,NA,NA,NA,NA,NA,NA,NA,NA,NA,NA,NA,NA,NA,NA,NA,NA,NA,NA,NA,NA,15,10,5,16,15,1,NA,NA,NA,11,8,3,NA,NA,NA,NA,NA,NA,NA,NA,NA,NA,NA,NA,NA,NA,NA,NA,NA,NA,NA,NA,NA,NA,NA,NA,NA,NA,NA,NA,NA,NA,NA,NA,NA,11,11,0,10,10,0,NA,NA,NA,12,12,0,NA,NA,NA,NA,NA,NA,NA,NA,NA,NA,NA,NA,44,44,0,"chr7_494386"
"chr7",6653638,6653638,1,"*",10,9,1,NA,NA,NA,NA,NA,NA,NA,NA,NA,NA,NA,NA,NA,NA,NA,11,8,3,NA,NA,NA,NA,NA,NA,NA,NA,NA,NA,NA,NA,10,9,1,NA,NA,NA,11,7,4,NA,NA,NA,NA,NA,NA,15,12,3,46,37,9,11,10,1,16,12,4,11,6,5,NA,NA,NA,NA,NA,NA,NA,NA,NA,NA,NA,NA,NA,NA,NA,NA,NA,NA,NA,NA,NA,NA,NA,NA,20,18,2,13,12,1,13,11,2,51,48,3,11,9,2,17,16,1,10,9,1,15,13,2,24,23,1,40,39,1,126,124,2,"chr7_6653638"
"chr7",7952644,7952644,1,"*",NA,NA,NA,NA,NA,NA,NA,NA,NA,NA,NA,NA,NA,NA,NA,NA,NA,NA,NA,NA,NA,11,10,1,23,22,1,13,8,5,NA,NA,NA,NA,NA,NA,NA,NA,NA,NA,NA,NA,NA,NA,NA,NA,NA,NA,NA,NA,NA,11,9,2,NA,NA,NA,NA,NA,NA,NA,NA,NA,NA,NA,NA,NA,NA,NA,15,2,13,12,0,12,NA,NA,NA,NA,NA,NA,NA,NA,NA,NA,NA,NA,NA,NA,NA,NA,NA,NA,NA,NA,NA,NA,NA,NA,11,1,10,NA,NA,NA,10,3,7,NA,NA,NA,NA,NA,NA,NA,NA,NA,NA,NA,NA,"chr7_7952644"
"chr7",13648416,13648416,1,"*",37,12,25,20,11,9,29,14,15,20,8,12,21,10,11,28,14,14,21,16,5,34,13,21,29,17,12,36,18,18,25,12,13,22,12,10,28,13,15,21,7,14,22,14,8,23,14,9,26,12,14,31,13,18,38,18,20,30,16,14,24,16,8,20,16,4,29,19,10,29,18,11,25,16,9,22,12,10,25,14,11,36,22,14,31,19,12,30,24,6,44,23,21,44,31,13,19,12,7,28,20,8,31,19,12,30,21,9,29,17,12,32,18,14,44,28,16,44,33,11,"chr7_13648416"
"chr7",18046736,18046736,1,"*",31,22,9,33,21,12,17,12,5,35,27,8,32,24,8,38,25,13,31,25,6,42,31,11,50,37,13,51,40,11,28,20,8,30,25,5,36,32,4,24,17,7,30,28,2,44,38,6,48,36,12,35,27,8,46,29,17,26,16,10,34,26,8,26,23,3,43,36,7,39,32,7,35,31,4,30,26,4,31,26,5,41,34,7,35,31,4,42,40,2,47,41,6,51,41,10,39,33,6,44,40,4,30,26,4,42,37,5,44,40,4,42,36,6,38,35,3,39,32,7,"chr7_18046736"
"chr7",23206364,23206364,1,"*",NA,NA,NA,NA,NA,NA,NA,NA,NA,NA,NA,NA,11,6,5,NA,NA,NA,NA,NA,NA,14,10,4,NA,NA,NA,11,7,4,10,6,4,13,8,5,10,8,2,NA,NA,NA,NA,NA,NA,NA,NA,NA,14,9,5,17,9,8,NA,NA,NA,12,8,4,11,9,2,11,11,0,NA,NA,NA,NA,NA,NA,NA,NA,NA,NA,NA,NA,10,8,2,13,11,2,14,13,1,NA,NA,NA,NA,NA,NA,NA,NA,NA,17,15,2,NA,NA,NA,NA,NA,NA,NA,NA,NA,10,10,0,14,10,4,11,9,2,33,33,0,"chr7_23206364"
"chr7",24659707,24659707,1,"*",32,17,15,34,21,13,21,8,13,19,13,6,23,14,9,38,21,17,25,16,9,27,14,13,45,24,21,39,25,14,34,21,13,22,14,8,32,16,16,31,18,13,17,11,6,40,24,16,28,18,10,43,25,18,39,21,18,26,12,14,26,14,12,24,15,9,43,25,18,38,26,12,43,32,11,23,17,6,26,19,7,23,15,8,31,22,9,44,33,11,51,34,17,31,25,6,42,27,15,40,31,9,23,19,4,46,35,11,47,32,15,41,21,20,32,21,11,39,32,7,"chr7_24659707"
"chr7",27942693,27942693,1,"*",12,0,12,15,0,15,12,1,11,13,0,13,NA,NA,NA,12,0,12,NA,NA,NA,15,0,15,18,0,18,20,0,20,38,22,16,14,0,14,34,23,11,16,0,16,10,0,10,33,20,13,27,14,13,15,0,15,18,0,18,19,0,19,22,12,10,10,0,10,17,0,17,14,0,14,10,0,10,10,0,10,16,0,16,15,0,15,16,0,16,15,0,15,24,0,24,24,0,24,13,0,13,20,0,20,19,0,19,15,0,15,13,0,13,13,0,13,16,0,16,16,0,16,"chr7_27942693"
"chr7",36955389,36955389,1,"*",39,26,13,40,25,15,38,26,12,51,39,12,36,33,3,43,29,14,27,18,9,44,29,15,52,40,12,44,33,11,46,32,14,13,7,6,48,32,16,46,30,16,38,24,14,37,27,10,67,41,26,46,29,17,50,40,10,45,28,17,22,20,2,29,23,6,48,41,7,38,30,8,34,27,7,43,38,5,37,28,9,32,27,5,45,34,11,36,32,4,52,38,14,55,45,10,50,40,10,65,50,15,47,37,10,38,35,3,47,40,7,45,38,7,41,28,13,42,33,9,"chr7_36955389"
"chr7",47291658,47291658,1,"*",22,10,12,19,12,7,14,11,3,21,15,6,19,12,7,NA,NA,NA,21,12,9,34,19,15,19,12,7,33,15,18,20,11,9,14,6,8,20,13,7,22,15,7,12,8,4,32,18,14,30,19,11,22,14,8,32,23,9,21,12,9,34,24,10,15,11,4,40,30,10,23,17,6,28,24,4,22,16,6,23,16,7,19,17,2,18,11,7,16,14,2,26,18,8,21,17,4,30,24,6,37,29,8,24,20,4,21,14,7,36,30,6,15,12,3,30,21,9,21,17,4,"chr7_47291658"
"chr7",55485909,55485909,1,"*",14,6,8,22,10,12,NA,NA,NA,17,10,7,19,11,8,10,5,5,21,14,7,16,14,2,30,20,10,24,11,13,25,15,10,15,9,6,25,16,9,22,10,12,13,7,6,17,11,6,28,17,11,29,11,18,25,17,8,20,13,7,22,18,4,18,17,1,18,16,2,14,11,3,23,18,5,16,9,7,23,17,6,18,11,7,14,10,4,22,20,2,25,20,5,21,17,4,33,30,3,32,27,5,20,11,9,20,14,6,17,12,5,26,19,7,25,22,3,27,21,6,"chr7_55485909"
"chr7",66556467,66556467,1,"*",NA,NA,NA,15,6,9,NA,NA,NA,NA,NA,NA,NA,NA,NA,NA,NA,NA,NA,NA,NA,NA,NA,NA,10,6,4,NA,NA,NA,NA,NA,NA,10,7,3,11,7,4,NA,NA,NA,NA,NA,NA,13,7,6,10,7,3,19,11,8,10,7,3,11,6,5,NA,NA,NA,11,10,1,NA,NA,NA,NA,NA,NA,13,12,1,NA,NA,NA,NA,NA,NA,12,8,4,NA,NA,NA,NA,NA,NA,NA,NA,NA,NA,NA,NA,18,15,3,NA,NA,NA,NA,NA,NA,NA,NA,NA,NA,NA,NA,15,12,3,19,15,4,63,59,4,"chr7_66556467"
"chr7",71274788,71274788,1,"*",24,18,6,34,27,7,12,9,3,22,20,2,23,19,4,25,17,8,24,22,2,30,23,7,30,24,6,20,16,4,30,23,7,30,27,3,25,20,5,29,20,9,20,16,4,23,20,3,47,38,9,52,36,16,27,20,7,39,30,9,23,19,4,36,35,1,26,21,5,26,23,3,24,18,6,28,26,2,32,30,2,35,32,3,23,21,2,31,30,1,27,23,4,32,30,2,42,38,4,35,30,5,29,26,3,39,36,3,29,26,3,27,22,5,31,27,4,38,33,5,"chr7_71274788"
"chr7",71832121,71832121,1,"*",23,11,12,19,13,6,25,14,11,22,15,7,28,17,11,34,18,16,31,20,11,33,21,12,33,16,17,24,13,11,30,20,10,25,16,9,36,26,10,32,17,15,26,15,11,38,27,11,57,27,30,43,21,22,47,25,22,48,23,25,27,22,5,19,15,4,35,22,13,30,20,10,26,17,9,27,20,7,19,12,7,25,20,5,31,22,9,31,22,9,45,27,18,33,22,11,45,30,15,47,38,9,31,22,9,32,25,7,32,22,10,44,28,16,35,26,9,43,36,7,"chr7_71832121"
"chr7",75990102,75990102,1,"*",11,4,7,16,6,10,11,5,6,14,5,9,19,10,9,25,10,15,18,5,13,20,10,10,18,6,12,19,9,10,24,6,18,16,5,11,28,12,16,20,4,16,15,6,9,13,5,8,29,12,17,37,17,20,30,12,18,20,8,12,22,14,8,17,10,7,16,12,4,27,12,15,23,11,12,18,11,7,28,18,10,13,7,6,15,10,5,29,18,11,23,10,13,20,12,8,28,19,9,23,10,13,17,7,10,34,25,9,32,15,17,26,14,12,29,19,10,47,25,22,"chr7_75990102"
"chr7",76516093,76516093,1,"*",NA,NA,NA,NA,NA,NA,NA,NA,NA,NA,NA,NA,17,0,17,14,0,14,26,0,26,10,0,10,14,0,14,NA,NA,NA,NA,NA,NA,NA,NA,NA,11,0,11,24,0,24,NA,NA,NA,NA,NA,NA,10,0,10,NA,NA,NA,17,0,17,NA,NA,NA,NA,NA,NA,NA,NA,NA,NA,NA,NA,NA,NA,NA,NA,NA,NA,NA,NA,NA,10,0,10,NA,NA,NA,NA,NA,NA,13,1,12,NA,NA,NA,NA,NA,NA,NA,NA,NA,NA,NA,NA,NA,NA,NA,NA,NA,NA,NA,NA,NA,20,1,19,11,0,11,52,14,38,"chr7_76516093"
"chr7",76516103,76516103,1,"*",NA,NA,NA,NA,NA,NA,NA,NA,NA,NA,NA,NA,16,0,16,13,0,13,26,0,26,10,0,10,15,0,15,NA,NA,NA,NA,NA,NA,NA,NA,NA,10,0,10,25,0,25,NA,NA,NA,NA,NA,NA,10,0,10,NA,NA,NA,16,0,16,NA,NA,NA,NA,NA,NA,NA,NA,NA,NA,NA,NA,NA,NA,NA,NA,NA,NA,NA,NA,NA,10,0,10,NA,NA,NA,NA,NA,NA,12,1,11,NA,NA,NA,NA,NA,NA,NA,NA,NA,NA,NA,NA,NA,NA,NA,NA,NA,NA,NA,NA,NA,19,1,18,12,0,12,50,15,35,"chr7_76516103"
"chr7",76516112,76516112,1,"*",NA,NA,NA,NA,NA,NA,NA,NA,NA,NA,NA,NA,15,0,15,13,0,13,25,0,25,NA,NA,NA,13,0,13,NA,NA,NA,NA,NA,NA,NA,NA,NA,10,0,10,25,0,25,NA,NA,NA,11,0,11,12,0,12,NA,NA,NA,15,0,15,NA,NA,NA,NA,NA,NA,NA,NA,NA,NA,NA,NA,NA,NA,NA,NA,NA,NA,NA,NA,NA,NA,NA,NA,NA,NA,NA,NA,NA,NA,12,1,11,NA,NA,NA,NA,NA,NA,NA,NA,NA,NA,NA,NA,NA,NA,NA,NA,NA,NA,NA,NA,NA,19,1,18,12,0,12,53,19,34,"chr7_76516112"
"chr7",76516131,76516131,1,"*",NA,NA,NA,NA,NA,NA,NA,NA,NA,NA,NA,NA,19,0,19,14,0,14,25,0,25,NA,NA,NA,14,0,14,NA,NA,NA,NA,NA,NA,NA,NA,NA,12,0,12,22,0,22,NA,NA,NA,12,0,12,13,0,13,NA,NA,NA,15,0,15,NA,NA,NA,NA,NA,NA,NA,NA,NA,NA,NA,NA,NA,NA,NA,NA,NA,NA,NA,NA,NA,NA,NA,NA,NA,NA,NA,NA,NA,NA,13,0,13,NA,NA,NA,NA,NA,NA,NA,NA,NA,NA,NA,NA,NA,NA,NA,NA,NA,NA,NA,NA,NA,19,1,18,11,0,11,53,22,31,"chr7_76516131"
"chr7",76516138,76516138,1,"*",NA,NA,NA,NA,NA,NA,NA,NA,NA,NA,NA,NA,19,0,19,14,0,14,27,0,27,NA,NA,NA,13,0,13,NA,NA,NA,NA,NA,NA,NA,NA,NA,13,0,13,22,0,22,NA,NA,NA,11,0,11,13,0,13,NA,NA,NA,15,0,15,NA,NA,NA,NA,NA,NA,NA,NA,NA,NA,NA,NA,NA,NA,NA,NA,NA,NA,NA,NA,NA,10,0,10,NA,NA,NA,NA,NA,NA,11,0,11,NA,NA,NA,NA,NA,NA,NA,NA,NA,NA,NA,NA,NA,NA,NA,NA,NA,NA,NA,NA,NA,19,1,18,11,0,11,54,20,34,"chr7_76516138"
"chr7",76516165,76516165,1,"*",NA,NA,NA,NA,NA,NA,NA,NA,NA,NA,NA,NA,18,0,18,17,0,17,23,0,23,NA,NA,NA,13,0,13,NA,NA,NA,NA,NA,NA,NA,NA,NA,11,0,11,18,0,18,NA,NA,NA,10,0,10,16,0,16,NA,NA,NA,14,0,14,NA,NA,NA,NA,NA,NA,NA,NA,NA,NA,NA,NA,NA,NA,NA,NA,NA,NA,NA,NA,NA,NA,NA,NA,NA,NA,NA,12,0,12,11,1,10,NA,NA,NA,NA,NA,NA,NA,NA,NA,NA,NA,NA,NA,NA,NA,NA,NA,NA,NA,NA,NA,21,1,20,12,0,12,55,21,34,"chr7_76516165"
"chr7",76516183,76516183,1,"*",NA,NA,NA,NA,NA,NA,NA,NA,NA,NA,NA,NA,16,0,16,15,0,15,22,0,22,NA,NA,NA,13,0,13,NA,NA,NA,NA,NA,NA,NA,NA,NA,11,0,11,18,0,18,NA,NA,NA,11,0,11,14,0,14,NA,NA,NA,14,0,14,NA,NA,NA,NA,NA,NA,NA,NA,NA,NA,NA,NA,NA,NA,NA,NA,NA,NA,NA,NA,NA,NA,NA,NA,NA,NA,NA,12,0,12,NA,NA,NA,NA,NA,NA,NA,NA,NA,NA,NA,NA,NA,NA,NA,NA,NA,NA,NA,NA,NA,NA,NA,NA,17,1,16,11,0,11,60,21,39,"chr7_76516183"
"chr7",76516203,76516203,1,"*",NA,NA,NA,NA,NA,NA,NA,NA,NA,NA,NA,NA,15,0,15,16,0,16,20,0,20,NA,NA,NA,12,0,12,NA,NA,NA,NA,NA,NA,NA,NA,NA,NA,NA,NA,15,0,15,NA,NA,NA,10,0,10,14,0,14,NA,NA,NA,11,0,11,NA,NA,NA,NA,NA,NA,NA,NA,NA,NA,NA,NA,NA,NA,NA,NA,NA,NA,NA,NA,NA,NA,NA,NA,NA,NA,NA,12,0,12,NA,NA,NA,NA,NA,NA,NA,NA,NA,NA,NA,NA,NA,NA,NA,NA,NA,NA,NA,NA,NA,NA,NA,NA,17,2,15,12,0,12,60,16,44,"chr7_76516203"
"chr7",76516209,76516209,1,"*",NA,NA,NA,NA,NA,NA,NA,NA,NA,NA,NA,NA,14,0,14,16,0,16,18,0,18,NA,NA,NA,12,0,12,NA,NA,NA,NA,NA,NA,NA,NA,NA,NA,NA,NA,17,0,17,NA,NA,NA,10,0,10,14,0,14,NA,NA,NA,11,0,11,NA,NA,NA,NA,NA,NA,NA,NA,NA,NA,NA,NA,NA,NA,NA,NA,NA,NA,NA,NA,NA,NA,NA,NA,NA,NA,NA,12,0,12,NA,NA,NA,NA,NA,NA,NA,NA,NA,NA,NA,NA,NA,NA,NA,NA,NA,NA,NA,NA,NA,NA,NA,NA,16,2,14,12,0,12,57,20,37,"chr7_76516209"
"chr7",76516215,76516215,1,"*",NA,NA,NA,NA,NA,NA,NA,NA,NA,NA,NA,NA,13,0,13,16,0,16,18,0,18,NA,NA,NA,12,0,12,NA,NA,NA,NA,NA,NA,NA,NA,NA,NA,NA,NA,19,0,19,NA,NA,NA,11,0,11,13,0,13,NA,NA,NA,11,0,11,10,0,10,NA,NA,NA,NA,NA,NA,NA,NA,NA,NA,NA,NA,NA,NA,NA,NA,NA,NA,NA,NA,NA,NA,NA,NA,11,0,11,NA,NA,NA,NA,NA,NA,NA,NA,NA,NA,NA,NA,NA,NA,NA,NA,NA,NA,NA,NA,NA,NA,NA,NA,15,1,14,11,0,11,58,19,39,"chr7_76516215"
"chr7",96823839,96823839,1,"*",44,16,28,36,10,26,19,10,9,34,13,21,25,13,12,31,13,18,34,14,20,43,12,31,35,11,24,57,23,34,38,15,23,38,12,26,37,16,21,28,9,19,24,13,11,55,18,37,39,16,23,50,14,36,47,20,27,44,15,29,34,15,19,24,19,5,45,25,20,45,19,26,53,26,27,35,13,22,42,21,21,32,13,19,43,22,21,34,25,9,42,16,26,44,22,22,44,27,17,60,28,32,38,23,15,32,17,15,34,19,15,36,17,19,40,22,18,48,18,30,"chr7_96823839"
"chr7",98122884,98122884,1,"*",16,8,8,11,10,1,15,7,8,14,5,9,14,7,7,16,9,7,NA,NA,NA,16,6,10,10,6,4,20,10,10,18,9,9,12,7,5,11,8,3,NA,NA,NA,18,9,9,14,4,10,17,9,8,21,11,10,21,13,8,22,12,10,14,7,7,13,11,2,13,11,2,17,10,7,13,9,4,16,11,5,13,8,5,10,5,5,12,8,4,12,8,4,14,9,5,11,9,2,22,13,9,22,17,5,12,8,4,21,18,3,14,14,0,11,10,1,15,9,6,13,12,1,"chr7_98122884"
"chr7",105651495,105651495,1,"*",19,10,9,20,15,5,10,8,2,22,17,5,15,10,5,23,15,8,24,20,4,21,11,10,28,20,8,22,15,7,26,18,8,27,24,3,27,20,7,24,19,5,16,11,5,40,25,15,36,21,15,30,18,12,24,17,7,28,20,8,33,28,5,17,15,2,25,20,5,25,20,5,26,18,8,22,19,3,25,21,4,22,20,2,19,16,3,16,12,4,24,20,4,30,25,5,37,31,6,30,28,2,24,19,5,30,28,2,24,19,5,24,23,1,37,27,10,45,35,10,"chr7_105651495"
"chr7",129188370,129188370,1,"*",15,3,12,14,2,12,NA,NA,NA,NA,NA,NA,18,4,14,14,1,13,16,5,11,16,2,14,14,2,12,22,3,19,14,3,11,27,5,22,22,5,17,15,2,13,NA,NA,NA,24,3,21,18,2,16,27,4,23,19,6,13,18,3,15,24,6,18,14,4,10,17,4,13,19,5,14,11,2,9,19,5,14,12,3,9,14,4,10,23,10,13,23,12,11,18,9,9,12,3,9,35,9,26,20,4,16,16,7,9,24,7,17,22,8,14,24,3,21,22,7,15,45,23,22,"chr7_129188370"
"chr7",131504504,131504504,1,"*",15,4,11,16,6,10,NA,NA,NA,14,4,10,17,4,13,15,5,10,14,3,11,21,8,13,24,14,10,17,4,13,25,7,18,11,4,7,14,6,8,21,6,15,NA,NA,NA,21,6,15,14,4,10,30,9,21,25,7,18,20,8,12,23,10,13,15,7,8,21,14,7,10,3,7,23,13,10,15,7,8,21,9,12,16,8,8,31,12,19,24,14,10,28,13,15,21,7,14,26,17,9,19,10,9,25,17,8,24,11,13,29,18,11,20,11,9,28,14,14,36,19,17,"chr7_131504504"
"chr7",132804361,132804361,1,"*",30,14,16,30,22,8,20,14,6,37,23,14,38,22,16,36,22,14,27,17,10,61,42,19,43,30,13,43,34,9,43,33,10,33,27,6,39,34,5,41,28,13,27,20,7,30,21,9,57,41,16,51,31,20,45,33,12,26,16,10,35,30,5,15,12,3,39,31,8,45,36,9,38,32,6,24,20,4,37,28,9,39,31,8,38,29,9,41,36,5,44,40,4,40,32,8,50,37,13,42,35,7,44,35,9,39,33,6,28,23,5,34,25,9,43,37,6,51,42,9,"chr7_132804361"
"chr7",140619644,140619644,1,"*",25,15,10,18,13,5,11,5,6,NA,NA,NA,14,11,3,13,10,3,19,16,3,25,14,11,22,16,6,20,13,7,24,17,7,17,13,4,17,14,3,31,27,4,17,15,2,34,24,10,32,23,9,41,28,13,27,20,7,23,17,6,28,21,7,NA,NA,NA,20,15,5,26,21,5,27,25,2,19,18,1,21,14,7,20,17,3,28,23,5,26,23,3,24,23,1,28,25,3,24,19,5,28,25,3,24,21,3,27,24,3,26,21,5,16,16,0,26,23,3,33,28,5,"chr7_140619644"
"chr7",148303799,148303799,1,"*",30,7,23,35,9,26,33,8,25,36,12,24,29,11,18,34,6,28,33,2,31,40,10,30,44,15,29,46,17,29,50,12,38,30,9,21,30,10,20,32,9,23,28,12,16,45,13,32,58,20,38,45,14,31,52,14,38,54,14,40,39,12,27,32,9,23,44,15,29,41,17,24,39,17,22,32,11,21,34,11,23,28,14,14,38,16,22,43,19,24,40,17,23,36,14,22,37,16,21,32,13,19,47,20,27,33,14,19,36,13,23,39,18,21,46,14,32,46,20,26,"chr7_148303799"
"chr7",156942566,156942566,1,"*",13,8,5,NA,NA,NA,NA,NA,NA,10,8,2,NA,NA,NA,NA,NA,NA,13,9,4,NA,NA,NA,NA,NA,NA,NA,NA,NA,12,7,5,10,10,0,11,9,2,NA,NA,NA,10,10,0,14,11,3,11,9,2,20,16,4,11,7,4,13,11,2,NA,NA,NA,NA,NA,NA,NA,NA,NA,13,12,1,13,12,1,10,10,0,19,16,3,NA,NA,NA,NA,NA,NA,14,14,0,15,13,2,NA,NA,NA,15,14,1,24,22,2,15,15,0,14,14,0,10,9,1,11,10,1,18,18,0,55,55,0,"chr7_156942566"
"chr8",958865,958865,1,"*",25,14,11,21,18,3,31,23,8,30,24,6,25,18,7,37,27,10,35,28,7,37,34,3,53,43,10,34,24,10,42,31,11,29,24,5,48,40,8,37,32,5,34,27,7,58,43,15,49,36,13,44,31,13,47,32,15,49,41,8,28,23,5,22,22,0,43,33,10,34,29,5,38,33,5,23,20,3,42,38,4,40,35,5,40,37,3,41,38,3,67,59,8,33,25,8,58,48,10,42,37,5,53,45,8,37,36,1,55,49,6,50,46,4,40,33,7,56,51,5,"chr8_958865"
"chr8",1155872,1155872,1,"*",NA,NA,NA,11,5,6,NA,NA,NA,NA,NA,NA,NA,NA,NA,NA,NA,NA,16,7,9,NA,NA,NA,NA,NA,NA,NA,NA,NA,NA,NA,NA,NA,NA,NA,NA,NA,NA,NA,NA,NA,NA,NA,NA,17,13,4,17,7,10,28,10,18,NA,NA,NA,11,6,5,NA,NA,NA,NA,NA,NA,11,6,5,NA,NA,NA,NA,NA,NA,NA,NA,NA,15,11,4,NA,NA,NA,NA,NA,NA,NA,NA,NA,NA,NA,NA,NA,NA,NA,17,15,2,19,13,6,14,13,1,21,16,5,10,8,2,11,9,2,13,9,4,56,48,8,"chr8_1155872"
"chr8",1155874,1155874,1,"*",NA,NA,NA,11,4,7,NA,NA,NA,NA,NA,NA,NA,NA,NA,NA,NA,NA,17,7,10,NA,NA,NA,NA,NA,NA,NA,NA,NA,NA,NA,NA,NA,NA,NA,NA,NA,NA,NA,NA,NA,NA,NA,NA,17,12,5,17,6,11,28,10,18,NA,NA,NA,11,6,5,NA,NA,NA,NA,NA,NA,12,7,5,NA,NA,NA,NA,NA,NA,NA,NA,NA,15,11,4,NA,NA,NA,NA,NA,NA,NA,NA,NA,NA,NA,NA,NA,NA,NA,17,15,2,18,13,5,13,12,1,20,15,5,10,8,2,11,11,0,14,12,2,55,45,10,"chr8_1155874"
"chr8",1155890,1155890,1,"*",NA,NA,NA,NA,NA,NA,NA,NA,NA,NA,NA,NA,NA,NA,NA,NA,NA,NA,16,5,11,NA,NA,NA,NA,NA,NA,NA,NA,NA,NA,NA,NA,NA,NA,NA,NA,NA,NA,NA,NA,NA,NA,NA,NA,18,13,5,16,7,9,29,10,19,NA,NA,NA,NA,NA,NA,10,7,3,NA,NA,NA,11,7,4,NA,NA,NA,NA,NA,NA,NA,NA,NA,15,10,5,NA,NA,NA,11,9,2,NA,NA,NA,NA,NA,NA,NA,NA,NA,18,14,4,18,14,4,15,14,1,20,17,3,10,8,2,10,9,1,16,14,2,56,50,6,"chr8_1155890"
"chr8",4527763,4527763,1,"*",32,18,14,36,17,19,19,9,10,28,14,14,26,16,10,28,15,13,34,16,18,40,19,21,36,22,14,42,29,13,39,19,20,23,9,14,30,16,14,30,17,13,26,16,10,48,19,29,53,32,21,52,25,27,41,16,25,36,14,22,25,18,7,19,16,3,38,22,16,27,15,12,25,16,9,31,22,9,43,20,23,26,15,11,40,26,14,31,24,7,50,36,14,45,27,18,34,27,7,50,36,14,33,22,11,34,25,9,50,33,17,45,28,17,35,24,11,42,27,15,"chr8_4527763"
"chr8",7611552,7611552,1,"*",16,0,16,13,0,13,NA,NA,NA,27,0,27,14,0,14,18,0,18,14,0,14,12,0,12,21,0,21,20,0,20,12,0,12,18,0,18,11,0,11,17,0,17,11,0,11,22,0,22,25,1,24,41,0,41,29,0,29,13,0,13,25,0,25,16,0,16,31,1,30,33,1,32,23,2,21,20,0,20,16,0,16,NA,NA,NA,37,4,33,26,2,24,12,1,11,NA,NA,NA,31,1,30,30,0,30,24,0,24,37,1,36,10,0,10,32,1,31,39,4,35,136,42,94,"chr8_7611552"
"chr8",8021868,8021868,1,"*",22,19,3,38,27,11,36,30,6,31,25,6,23,20,3,48,40,8,33,22,11,45,40,5,97,61,36,70,46,24,37,30,7,11,11,0,23,19,4,35,33,2,26,24,2,43,34,9,47,42,5,58,47,11,45,42,3,55,45,10,48,33,15,18,17,1,30,24,6,50,45,5,15,15,0,46,40,6,30,29,1,25,23,2,42,37,5,17,16,1,32,30,2,13,11,2,54,48,6,60,51,9,49,45,4,43,38,5,34,31,3,41,38,3,74,67,7,50,48,2,"chr8_8021868"
"chr8",22789480,22789480,1,"*",28,19,9,27,19,8,NA,NA,NA,13,12,1,16,13,3,27,22,5,20,18,2,19,14,5,27,24,3,23,19,4,18,12,6,30,26,4,26,23,3,17,13,4,12,11,1,16,15,1,27,23,4,38,30,8,24,19,5,26,24,2,15,14,1,16,15,1,26,24,2,15,14,1,21,21,0,16,16,0,18,16,2,21,20,1,23,18,5,18,18,0,30,27,3,23,22,1,32,30,2,24,24,0,27,26,1,20,19,1,25,21,4,27,25,2,23,22,1,41,38,3,"chr8_22789480"
"chr8",22804567,22804567,1,"*",23,15,8,34,27,7,21,18,3,22,13,9,24,17,7,30,22,8,12,9,3,29,25,4,34,30,4,30,25,5,20,15,5,16,13,3,24,22,2,22,18,4,27,23,4,31,24,7,37,28,9,36,24,12,33,26,7,25,16,9,21,19,2,16,15,1,25,22,3,26,21,5,20,18,2,27,24,3,35,29,6,15,14,1,22,21,1,30,29,1,30,26,4,26,24,2,20,19,1,20,18,2,23,19,4,27,27,0,30,27,3,33,29,4,26,22,4,36,31,5,"chr8_22804567"
"chr8",47737801,47737801,1,"*",17,0,17,12,0,12,NA,NA,NA,12,0,12,NA,NA,NA,NA,NA,NA,14,0,14,12,0,12,12,0,12,16,0,16,12,0,12,14,0,14,17,0,17,12,0,12,NA,NA,NA,24,0,24,19,0,19,37,0,37,23,0,23,16,0,16,17,0,17,14,0,14,NA,NA,NA,11,0,11,16,0,16,12,0,12,10,0,10,13,1,12,16,4,12,11,1,10,11,1,10,15,1,14,20,0,20,NA,NA,NA,14,1,13,12,1,11,14,0,14,19,0,19,17,0,17,87,50,37,"chr8_47737801"
"chr8",57143527,57143527,1,"*",NA,NA,NA,11,3,8,10,4,6,NA,NA,NA,14,5,9,NA,NA,NA,NA,NA,NA,NA,NA,NA,13,5,8,21,11,10,NA,NA,NA,NA,NA,NA,NA,NA,NA,10,3,7,NA,NA,NA,10,4,6,20,8,12,28,9,19,15,4,11,17,3,14,17,5,12,NA,NA,NA,13,8,5,13,7,6,19,10,9,17,6,11,16,6,10,19,13,6,NA,NA,NA,NA,NA,NA,12,9,3,NA,NA,NA,34,18,16,10,4,6,17,13,4,20,15,5,12,7,5,11,5,6,25,20,5,51,43,8,"chr8_57143527"
"chr8",57143554,57143554,1,"*",NA,NA,NA,11,4,7,12,7,5,NA,NA,NA,12,5,7,NA,NA,NA,NA,NA,NA,13,6,7,15,7,8,21,10,11,NA,NA,NA,NA,NA,NA,11,6,5,11,3,8,NA,NA,NA,NA,NA,NA,20,11,9,30,10,20,10,4,6,18,5,13,17,6,11,NA,NA,NA,12,5,7,12,6,6,21,15,6,13,7,6,14,7,7,18,13,5,NA,NA,NA,NA,NA,NA,11,8,3,11,6,5,31,14,17,NA,NA,NA,16,13,3,21,17,4,14,7,7,11,8,3,26,21,5,49,36,13,"chr8_57143554"
"chr8",76717816,76717816,1,"*",29,27,2,21,18,3,15,14,1,19,19,0,15,13,2,25,25,0,16,16,0,26,25,1,32,29,3,35,34,1,13,10,3,22,22,0,31,29,2,30,29,1,12,12,0,38,37,1,42,42,0,21,17,4,49,46,3,34,32,2,32,32,0,11,7,4,24,20,4,30,28,2,23,13,10,21,16,5,23,14,9,34,34,0,19,17,2,17,12,5,27,25,2,22,20,2,18,13,5,23,14,9,24,17,7,19,14,5,23,18,5,33,33,0,12,9,3,33,20,13,"chr8_76717816"
"chr8",82796465,82796465,1,"*",42,22,20,31,17,14,31,23,8,26,19,7,37,24,13,41,24,17,31,23,8,39,28,11,35,28,7,61,39,22,39,26,13,30,20,10,42,31,11,34,28,6,30,21,9,50,41,9,48,31,17,40,22,18,50,29,21,36,27,9,28,16,12,24,17,7,35,28,7,34,25,9,35,30,5,50,41,9,45,35,10,46,37,9,39,31,8,42,38,4,53,39,14,44,38,6,33,27,6,44,34,10,31,22,9,44,37,7,56,42,14,35,29,6,32,24,8,47,39,8,"chr8_82796465"
"chr8",83101691,83101691,1,"*",50,36,14,28,18,10,26,22,4,24,19,5,32,23,9,44,33,11,34,30,4,58,44,14,45,36,9,45,35,10,43,38,5,29,26,3,39,36,3,19,17,2,32,30,2,48,33,15,45,35,10,42,31,11,42,33,9,38,25,13,34,28,6,23,21,2,43,38,5,40,34,6,40,37,3,39,33,6,29,26,3,39,34,5,41,37,4,45,42,3,58,55,3,43,38,5,42,36,6,43,39,4,45,43,2,50,43,7,36,31,5,43,40,3,34,27,7,41,37,4,"chr8_83101691"
"chr8",89245948,89245948,1,"*",20,19,1,39,36,3,40,35,5,19,17,2,50,43,7,51,45,6,27,22,5,34,30,4,50,44,6,45,39,6,39,35,4,18,16,2,35,31,4,39,37,2,46,44,2,37,31,6,27,22,5,20,15,5,40,36,4,36,32,4,29,24,5,18,13,5,43,35,8,36,30,6,31,24,7,21,14,7,32,20,12,24,21,3,14,11,3,29,22,7,44,37,7,19,15,4,32,22,10,53,40,13,30,25,5,37,23,14,47,40,7,45,31,14,31,25,6,46,38,8,"chr8_89245948"
"chr8",95227175,95227175,1,"*",22,12,10,28,21,7,19,11,8,12,11,1,19,15,4,24,17,7,21,14,7,25,19,6,41,34,7,30,20,10,30,23,7,27,19,8,30,25,5,15,11,4,17,12,5,27,20,7,41,32,9,33,21,12,26,19,7,37,23,14,32,22,10,29,25,4,31,26,5,25,23,2,27,21,6,32,25,7,22,19,3,31,24,7,21,17,4,36,31,5,32,29,3,24,19,5,53,47,6,25,24,1,34,27,7,22,17,5,29,27,2,24,15,9,39,34,5,38,30,8,"chr8_95227175"
"chr8",113347693,113347693,1,"*",35,10,25,40,19,21,19,11,8,31,23,8,16,10,6,42,23,19,30,21,9,27,21,6,34,20,14,26,13,13,26,16,10,28,20,8,30,18,12,34,22,12,27,19,8,38,22,16,43,27,16,63,35,28,49,29,20,30,21,9,23,19,4,17,15,2,34,29,5,39,22,17,34,27,7,25,19,6,27,16,11,31,23,8,34,28,6,41,39,2,29,21,8,35,26,9,28,20,8,31,25,6,36,27,9,40,31,9,31,24,7,44,32,12,30,24,6,47,38,9,"chr8_113347693"
"chr8",127132989,127132989,1,"*",13,0,13,16,0,16,21,0,21,11,0,11,NA,NA,NA,16,0,16,10,0,10,13,0,13,16,0,16,29,0,29,25,1,24,12,1,11,12,0,12,17,0,17,11,0,11,12,0,12,15,0,15,16,0,16,12,0,12,16,0,16,23,0,23,NA,NA,NA,NA,NA,NA,41,25,16,16,1,15,16,0,16,21,1,20,28,16,12,40,28,12,13,1,12,16,0,16,11,1,10,14,0,14,17,0,17,14,0,14,16,0,16,13,0,13,NA,NA,NA,11,2,9,16,1,15,"chr8_127132989"
"chr8",136871024,136871024,1,"*",42,34,8,40,32,8,33,28,5,42,29,13,29,24,5,42,34,8,29,20,9,52,47,5,58,43,15,55,40,15,45,35,10,41,30,11,48,38,10,43,31,12,44,39,5,47,36,11,37,21,16,54,40,14,58,38,20,41,34,7,32,26,6,28,25,3,38,36,2,43,35,8,46,34,12,44,41,3,57,45,12,31,27,4,61,56,5,43,38,5,56,47,9,46,38,8,54,50,4,55,47,8,46,41,5,33,30,3,48,43,5,54,48,6,33,28,5,47,40,7,"chr8_136871024"
"chr8",141029934,141029934,1,"*",22,12,10,NA,NA,NA,NA,NA,NA,11,4,7,18,11,7,10,5,5,24,11,13,18,10,8,18,11,7,15,8,7,19,8,11,18,8,10,13,7,6,20,10,10,12,9,3,16,7,9,22,11,11,35,14,21,22,10,12,15,7,8,12,11,1,13,8,5,12,10,2,15,9,6,21,11,10,18,13,5,15,9,6,15,10,5,15,10,5,17,14,3,22,15,7,11,9,2,35,26,9,23,17,6,21,13,8,24,21,3,16,11,5,29,19,10,23,16,7,48,30,18,"chr8_141029934"
"chr8",141029987,141029987,1,"*",25,12,13,NA,NA,NA,NA,NA,NA,13,5,8,16,10,6,15,7,8,26,16,10,16,12,4,21,12,9,20,12,8,23,12,11,24,13,11,18,11,7,22,10,12,13,11,2,15,7,8,21,14,7,45,26,19,19,11,8,18,10,8,15,15,0,15,11,4,13,12,1,17,14,3,28,22,6,17,12,5,20,15,5,20,16,4,18,12,6,21,17,4,21,14,7,11,9,2,38,32,6,20,17,3,19,12,7,27,22,5,18,15,3,28,20,8,21,14,7,43,26,17,"chr8_141029987"
"chr8",141415222,141415222,1,"*",NA,NA,NA,12,1,11,NA,NA,NA,16,3,13,13,2,11,10,3,7,14,8,6,15,6,9,13,5,8,15,5,10,10,2,8,13,6,7,28,9,19,22,5,17,NA,NA,NA,14,4,10,24,5,19,21,3,18,15,3,12,11,2,9,12,6,6,15,8,7,19,9,10,NA,NA,NA,20,8,12,13,4,9,23,12,11,10,6,4,34,18,16,19,13,6,18,11,7,15,10,5,29,15,14,19,8,11,18,8,10,14,5,9,22,14,8,19,3,16,16,7,9,53,32,21,"chr8_141415222"
"chr8",143530600,143530600,1,"*",13,7,6,17,8,9,11,7,4,17,13,4,14,10,4,NA,NA,NA,15,9,6,17,12,5,26,17,9,13,10,3,17,14,3,12,7,5,17,15,2,22,16,6,12,10,2,19,12,7,25,15,10,40,26,14,20,17,3,20,15,5,16,14,2,21,16,5,15,11,4,17,13,4,20,18,2,15,13,2,11,8,3,20,17,3,23,17,6,20,20,0,23,20,3,17,15,2,26,23,3,15,11,4,29,26,3,13,12,1,22,18,4,22,19,3,16,13,3,39,35,4,"chr8_143530600"
"chr8",143727793,143727793,1,"*",NA,NA,NA,NA,NA,NA,NA,NA,NA,NA,NA,NA,NA,NA,NA,NA,NA,NA,10,7,3,14,7,7,11,5,6,NA,NA,NA,12,5,7,NA,NA,NA,14,6,8,NA,NA,NA,NA,NA,NA,NA,NA,NA,15,10,5,22,18,4,NA,NA,NA,16,10,6,10,7,3,NA,NA,NA,NA,NA,NA,NA,NA,NA,NA,NA,NA,NA,NA,NA,11,10,1,NA,NA,NA,NA,NA,NA,16,16,0,12,10,2,NA,NA,NA,21,21,0,NA,NA,NA,15,13,2,NA,NA,NA,NA,NA,NA,23,19,4,25,25,0,111,106,5,"chr8_143727793"
"chr8",143727892,143727892,1,"*",NA,NA,NA,NA,NA,NA,NA,NA,NA,NA,NA,NA,NA,NA,NA,NA,NA,NA,NA,NA,NA,11,7,4,NA,NA,NA,NA,NA,NA,13,8,5,NA,NA,NA,11,8,3,NA,NA,NA,NA,NA,NA,NA,NA,NA,12,10,2,24,19,5,NA,NA,NA,14,12,2,13,11,2,NA,NA,NA,NA,NA,NA,NA,NA,NA,NA,NA,NA,NA,NA,NA,NA,NA,NA,NA,NA,NA,NA,NA,NA,18,17,1,12,12,0,NA,NA,NA,22,22,0,NA,NA,NA,13,12,1,NA,NA,NA,NA,NA,NA,24,22,2,27,25,2,108,105,3,"chr8_143727892"
"chr8",144865006,144865006,1,"*",23,14,9,26,11,15,17,11,6,25,16,9,19,14,5,32,19,13,17,9,8,30,20,10,37,23,14,23,13,10,27,16,11,29,24,5,35,25,10,28,13,15,32,23,9,36,24,12,44,21,23,40,26,14,45,25,20,41,25,16,22,17,5,18,14,4,32,28,4,28,22,6,27,20,7,33,25,8,28,23,5,29,20,9,26,18,8,27,22,5,28,19,9,34,22,12,43,33,10,45,32,13,32,28,4,28,19,9,27,20,7,46,34,12,24,20,4,49,36,13,"chr8_144865006"
"chr9",2171500,2171500,1,"*",37,26,11,39,24,15,25,17,8,27,19,8,38,27,11,34,22,12,35,27,8,45,29,16,65,40,25,60,42,18,42,28,14,34,28,6,48,31,17,49,34,15,28,22,6,53,41,12,52,34,18,58,41,17,54,34,20,47,32,15,40,35,5,27,20,7,44,32,12,36,25,11,43,37,6,40,32,8,40,32,8,44,33,11,51,38,13,53,47,6,33,28,5,36,30,6,47,36,11,44,34,10,51,39,12,36,29,7,68,55,13,32,27,5,35,27,8,50,44,6,"chr9_2171500"
"chr9",12923906,12923906,1,"*",31,19,12,43,28,15,18,12,6,31,19,12,29,20,9,38,26,12,27,22,5,38,20,18,41,26,15,60,38,22,50,33,17,23,15,8,41,30,11,31,25,6,22,17,5,50,33,17,40,30,10,55,37,18,50,41,9,38,26,12,30,26,4,34,27,7,40,29,11,35,29,6,51,41,10,35,32,3,40,28,12,30,27,3,49,38,11,34,28,6,47,34,13,45,37,8,45,37,8,50,42,8,38,28,10,44,35,9,45,37,8,42,35,7,36,31,5,52,41,11,"chr9_12923906"
"chr9",13112016,13112016,1,"*",42,21,21,44,18,26,25,17,8,31,24,7,27,20,7,32,18,14,25,21,4,45,27,18,40,22,18,46,23,23,50,31,19,22,11,11,42,23,19,28,17,11,26,21,5,46,26,20,41,22,19,56,32,24,46,24,22,32,14,18,20,16,4,27,23,4,40,26,14,26,15,11,52,40,12,30,24,6,46,33,13,48,29,19,42,29,13,36,26,10,52,40,12,38,24,14,38,30,8,51,40,11,28,20,8,36,28,8,34,28,6,48,36,12,32,24,8,45,33,12,"chr9_13112016"
"chr9",28634215,28634215,1,"*",28,17,11,42,23,19,28,20,8,17,10,7,29,22,7,39,26,13,24,20,4,53,37,16,45,24,21,46,37,9,38,24,14,22,17,5,36,26,10,44,34,10,38,26,12,36,23,13,53,34,19,39,28,11,38,27,11,42,28,14,24,20,4,19,18,1,57,42,15,37,29,8,37,26,11,25,21,4,47,39,8,29,23,6,41,35,6,44,42,2,52,42,10,56,47,9,38,33,5,48,40,8,37,29,8,25,21,4,30,25,5,38,32,6,26,16,10,30,19,11,"chr9_28634215"
"chr9",38324543,38324543,1,"*",NA,NA,NA,NA,NA,NA,NA,NA,NA,NA,NA,NA,NA,NA,NA,NA,NA,NA,NA,NA,NA,11,10,1,NA,NA,NA,NA,NA,NA,12,12,0,10,8,2,NA,NA,NA,NA,NA,NA,NA,NA,NA,NA,NA,NA,16,9,7,22,11,11,NA,NA,NA,12,8,4,NA,NA,NA,NA,NA,NA,10,10,0,NA,NA,NA,11,11,0,NA,NA,NA,NA,NA,NA,NA,NA,NA,NA,NA,NA,13,12,1,NA,NA,NA,NA,NA,NA,16,16,0,11,11,0,NA,NA,NA,12,12,0,13,13,0,13,13,0,20,20,0,61,61,0,"chr9_38324543"
"chr9",42731874,42731874,1,"*",21,16,5,29,20,9,13,7,6,16,7,9,30,20,10,17,14,3,19,15,4,32,18,14,39,20,19,28,17,11,17,9,8,25,15,10,23,16,7,33,17,16,12,6,6,24,15,9,27,15,12,36,27,9,26,16,10,26,12,14,25,14,11,17,15,2,21,15,6,22,18,4,28,22,6,30,16,14,34,31,3,27,16,11,25,19,6,27,16,11,20,17,3,14,12,2,40,33,7,42,31,11,24,19,5,22,19,3,17,12,5,28,21,7,32,25,7,41,35,6,"chr9_42731874"
"chr9",40884383,40884383,1,"*",18,13,5,19,15,4,NA,NA,NA,14,9,5,NA,NA,NA,11,8,3,22,18,4,25,19,6,23,19,4,13,10,3,16,15,1,13,13,0,18,15,3,27,24,3,NA,NA,NA,17,12,5,22,18,4,51,32,19,28,22,6,14,12,2,25,21,4,24,24,0,31,30,1,22,19,3,28,26,2,22,19,3,19,17,2,13,12,1,22,22,0,21,14,7,16,16,0,22,19,3,44,38,6,32,30,2,31,30,1,26,25,1,26,23,3,17,15,2,29,26,3,119,114,5,"chr9_40884383"
"chr9",63895959,63895959,1,"*",49,17,32,50,17,33,34,11,23,50,20,30,60,26,34,46,25,21,60,21,39,71,29,42,63,29,34,87,39,48,71,27,44,35,9,26,67,23,44,67,28,39,64,29,35,79,29,50,65,30,35,51,13,38,61,18,43,67,19,48,85,17,68,30,8,22,73,15,58,53,14,39,36,4,32,52,15,37,52,10,42,56,9,47,60,9,51,66,16,50,71,17,54,86,28,58,83,16,67,81,25,56,61,18,43,94,20,74,54,8,46,80,18,62,71,14,57,81,17,64,"chr9_63895959"
"chr9",71750510,71750510,1,"*",22,16,6,20,13,7,NA,NA,NA,11,7,4,14,12,2,12,6,6,20,16,4,21,17,4,27,18,9,26,16,10,17,13,4,16,9,7,21,17,4,22,15,7,18,13,5,26,21,5,34,23,11,33,21,12,22,15,7,17,10,7,16,13,3,14,13,1,22,19,3,25,20,5,21,19,2,24,22,2,21,16,5,17,14,3,23,18,5,26,25,1,25,18,7,28,25,3,17,14,3,25,24,1,17,14,3,32,28,4,17,14,3,22,20,2,22,14,8,31,25,6,"chr9_71750510"
"chr9",75273088,75273088,1,"*",24,21,3,29,12,17,19,12,7,19,14,5,27,27,0,24,23,1,26,16,10,30,29,1,39,26,13,36,14,22,22,20,2,20,12,8,16,16,0,27,19,8,25,25,0,38,37,1,44,20,24,45,44,1,45,26,19,27,16,11,27,14,13,12,12,0,46,46,0,33,31,2,33,32,1,30,28,2,27,24,3,36,36,0,22,21,1,35,34,1,32,29,3,44,42,2,31,30,1,33,32,1,34,23,11,20,20,0,33,31,2,37,36,1,29,29,0,35,35,0,"chr9_75273088"
"chr9",87940875,87940875,1,"*",NA,NA,NA,10,10,0,NA,NA,NA,NA,NA,NA,13,13,0,NA,NA,NA,NA,NA,NA,NA,NA,NA,10,10,0,NA,NA,NA,11,11,0,16,16,0,10,10,0,NA,NA,NA,NA,NA,NA,NA,NA,NA,NA,NA,NA,23,23,0,NA,NA,NA,12,12,0,12,12,0,NA,NA,NA,NA,NA,NA,NA,NA,NA,NA,NA,NA,13,13,0,NA,NA,NA,15,12,3,NA,NA,NA,NA,NA,NA,NA,NA,NA,16,14,2,NA,NA,NA,18,16,2,NA,NA,NA,NA,NA,NA,NA,NA,NA,NA,NA,NA,12,10,2,10,7,3,"chr9_87940875"
"chr9",98943763,98943763,1,"*",NA,NA,NA,14,0,14,NA,NA,NA,10,0,10,10,0,10,NA,NA,NA,18,0,18,NA,NA,NA,10,0,10,NA,NA,NA,NA,NA,NA,11,0,11,17,0,17,14,0,14,NA,NA,NA,NA,NA,NA,11,0,11,22,0,22,NA,NA,NA,NA,NA,NA,10,0,10,NA,NA,NA,NA,NA,NA,NA,NA,NA,14,2,12,NA,NA,NA,NA,NA,NA,NA,NA,NA,10,2,8,NA,NA,NA,12,3,9,NA,NA,NA,11,1,10,12,0,12,11,0,11,20,2,18,NA,NA,NA,15,0,15,11,0,11,79,44,35,"chr9_98943763"
"chr9",98943781,98943781,1,"*",NA,NA,NA,14,0,14,NA,NA,NA,12,0,12,NA,NA,NA,NA,NA,NA,16,0,16,NA,NA,NA,10,0,10,NA,NA,NA,NA,NA,NA,11,0,11,11,1,10,12,0,12,NA,NA,NA,10,0,10,12,0,12,20,0,20,NA,NA,NA,NA,NA,NA,10,2,8,NA,NA,NA,NA,NA,NA,NA,NA,NA,10,3,7,NA,NA,NA,NA,NA,NA,NA,NA,NA,NA,NA,NA,NA,NA,NA,12,4,8,NA,NA,NA,NA,NA,NA,NA,NA,NA,NA,NA,NA,17,3,14,NA,NA,NA,12,0,12,12,1,11,78,42,36,"chr9_98943781"
"chr9",98943791,98943791,1,"*",NA,NA,NA,12,0,12,NA,NA,NA,13,0,13,10,0,10,NA,NA,NA,16,0,16,NA,NA,NA,NA,NA,NA,NA,NA,NA,NA,NA,NA,NA,NA,NA,13,0,13,NA,NA,NA,NA,NA,NA,10,1,9,12,0,12,18,0,18,NA,NA,NA,NA,NA,NA,11,0,11,NA,NA,NA,NA,NA,NA,NA,NA,NA,NA,NA,NA,NA,NA,NA,NA,NA,NA,NA,NA,NA,NA,NA,NA,NA,NA,NA,10,3,7,NA,NA,NA,NA,NA,NA,NA,NA,NA,NA,NA,NA,17,3,14,NA,NA,NA,10,0,10,NA,NA,NA,79,52,27,"chr9_98943791"
"chr9",100274571,100274571,1,"*",25,14,11,40,31,9,20,15,5,17,12,5,21,16,5,35,19,16,27,18,9,13,10,3,41,32,9,27,20,7,23,12,11,19,17,2,12,10,2,22,20,2,NA,NA,NA,30,20,10,28,18,10,18,10,8,17,16,1,31,22,9,29,26,3,15,14,1,22,19,3,20,18,2,27,24,3,20,18,2,22,18,4,28,24,4,29,23,6,27,24,3,37,30,7,15,12,3,46,43,3,36,29,7,34,28,6,31,29,2,38,32,6,27,26,1,28,25,3,33,25,8,"chr9_100274571"
"chr9",103420494,103420494,1,"*",36,18,18,43,32,11,31,24,7,49,37,12,32,12,20,52,31,21,46,33,13,59,38,21,59,45,14,80,58,22,61,41,20,44,35,9,37,23,14,46,39,7,58,46,12,62,39,23,38,20,18,57,38,19,48,32,16,39,29,10,43,30,13,35,28,7,59,45,14,42,36,6,56,48,8,50,40,10,60,48,12,NA,NA,NA,52,41,11,33,22,11,68,58,10,42,35,7,35,28,7,53,46,7,49,43,6,45,38,7,57,49,8,NA,NA,NA,45,34,11,59,43,16,"chr9_103420494"
"chr9",121709592,121709592,1,"*",27,17,10,32,8,24,16,11,5,38,19,19,31,17,14,28,13,15,34,24,10,38,17,21,37,24,13,24,15,9,40,18,22,27,10,17,37,19,18,20,9,11,16,7,9,43,23,20,44,23,21,34,12,22,37,17,20,32,16,16,28,16,12,23,14,9,29,22,7,36,26,10,34,23,11,29,19,10,33,27,6,29,15,14,39,24,15,31,21,10,49,24,25,32,19,13,44,29,15,39,29,10,40,24,16,36,27,9,34,24,10,36,22,14,38,23,15,43,30,13,"chr9_121709592"
"chr9",121784994,121784994,1,"*",16,5,11,17,7,10,NA,NA,NA,17,6,11,NA,NA,NA,18,7,11,12,2,10,21,8,13,29,14,15,NA,NA,NA,16,9,7,27,11,16,10,6,4,16,8,8,12,8,4,20,7,13,11,5,6,28,11,17,26,5,21,19,10,9,10,5,5,21,7,14,15,9,6,10,6,4,16,10,6,10,6,4,19,14,5,13,9,4,16,6,10,24,16,8,24,17,7,16,11,5,37,16,21,21,13,8,22,15,7,17,10,7,18,11,7,22,15,7,31,17,14,42,25,17,"chr9_121784994"
"chr9",121806289,121806289,1,"*",23,16,7,37,24,13,35,27,8,30,19,11,48,38,10,43,29,14,48,32,16,40,38,2,64,41,23,39,27,12,37,25,12,27,21,6,33,24,9,42,33,9,55,38,17,39,26,13,57,44,13,66,49,17,50,39,11,30,23,7,31,19,12,35,30,5,44,33,11,39,32,7,36,31,5,20,17,3,43,35,8,31,25,6,37,32,5,49,42,7,48,44,4,26,22,4,37,30,7,43,38,5,29,23,6,45,36,9,59,48,11,50,35,15,38,33,5,45,36,9,"chr9_121806289"
"chr9",123379418,123379418,1,"*",15,8,7,NA,NA,NA,10,3,7,13,3,10,NA,NA,NA,NA,NA,NA,23,11,12,15,7,8,12,5,7,13,4,9,15,2,13,17,3,14,17,9,8,13,2,11,13,7,6,21,10,11,15,4,11,34,14,20,20,8,12,13,5,8,25,7,18,19,11,8,15,10,5,11,6,5,19,8,11,17,10,7,16,9,7,17,8,9,15,6,9,16,12,4,11,4,7,17,10,7,20,11,9,24,16,8,16,4,12,19,14,5,18,11,7,30,16,14,22,13,9,45,26,19,"chr9_123379418"
"chr9",127203438,127203438,1,"*",14,13,1,32,23,9,15,9,6,20,17,3,18,13,5,25,14,11,28,24,4,21,13,8,36,29,7,20,15,5,28,21,7,23,20,3,25,18,7,26,21,5,22,20,2,37,32,5,34,28,6,41,27,14,38,30,8,22,17,5,16,14,2,18,16,2,26,24,2,23,21,2,31,28,3,26,22,4,28,23,5,28,21,7,24,21,3,25,24,1,38,36,2,25,22,3,42,38,4,38,36,2,30,27,3,17,15,2,29,27,2,35,31,4,25,22,3,24,20,4,"chr9_127203438"
"chr9",127938504,127938504,1,"*",NA,NA,NA,12,2,10,NA,NA,NA,NA,NA,NA,10,1,9,15,1,14,17,2,15,15,1,14,11,1,10,NA,NA,NA,16,1,15,17,0,17,15,2,13,19,3,16,NA,NA,NA,21,1,20,23,1,22,27,1,26,19,1,18,18,0,18,19,2,17,12,0,12,25,5,20,18,6,12,12,2,10,15,1,14,17,4,13,19,6,13,28,3,25,20,4,16,10,1,9,17,4,13,29,4,25,21,4,17,14,1,13,24,6,18,24,8,16,20,2,18,22,4,18,29,9,20,"chr9_127938504"
"chr9",129483427,129483427,1,"*",13,2,11,12,0,12,NA,NA,NA,12,1,11,14,4,10,11,3,8,13,5,8,18,5,13,NA,NA,NA,NA,NA,NA,14,2,12,10,1,9,17,5,12,14,4,10,NA,NA,NA,27,8,19,17,5,12,43,7,36,14,4,10,17,5,12,17,1,16,19,9,10,21,7,14,13,4,9,NA,NA,NA,16,4,12,11,3,8,15,7,8,19,10,9,26,17,9,15,6,9,10,5,5,31,10,21,23,6,17,14,5,9,15,9,6,24,11,13,24,14,10,23,8,15,43,14,29,"chr9_129483427"
"chr9",130205313,130205313,1,"*",14,2,12,12,8,4,NA,NA,NA,11,6,5,NA,NA,NA,13,7,6,15,9,6,19,11,8,16,8,8,10,7,3,15,8,7,14,8,6,25,9,16,11,4,7,14,8,6,23,10,13,27,13,14,30,17,13,32,14,18,13,5,8,15,7,8,16,11,5,17,12,5,17,7,10,24,16,8,22,17,5,22,14,8,15,7,8,15,10,5,17,13,4,20,13,7,20,14,6,29,21,8,14,10,4,17,13,4,19,14,5,19,11,8,21,16,5,19,14,5,24,17,7,"chr9_130205313"
"chr9",130269168,130269168,1,"*",26,7,19,NA,NA,NA,NA,NA,NA,14,6,8,NA,NA,NA,23,8,15,18,10,8,22,11,11,26,12,14,26,10,16,15,8,7,22,8,14,NA,NA,NA,16,7,9,12,9,3,12,4,8,33,13,20,13,4,9,11,4,7,28,14,14,NA,NA,NA,NA,NA,NA,27,19,8,28,13,15,12,9,3,11,6,5,27,16,11,19,9,10,24,14,10,14,10,4,15,9,6,21,11,10,29,19,10,27,17,10,25,17,8,16,14,2,20,13,7,18,12,6,20,9,11,18,12,6,"chr9_130269168"
"chr9",130445926,130445926,1,"*",12,5,7,10,5,5,NA,NA,NA,15,8,7,20,13,7,15,8,7,18,9,9,20,8,12,23,14,9,23,15,8,23,15,8,16,12,4,23,15,8,16,10,6,13,8,5,23,16,7,25,16,9,40,25,15,25,17,8,16,9,7,26,15,11,25,19,6,21,11,10,31,22,9,30,21,9,23,17,6,18,14,4,16,11,5,20,13,7,30,21,9,22,18,4,26,21,5,31,24,7,12,11,1,28,23,5,27,22,5,21,15,6,33,23,10,28,20,8,36,33,3,"chr9_130445926"
"chr9",131965699,131965699,1,"*",31,22,9,25,19,6,19,12,7,25,20,5,25,18,7,23,20,3,23,13,10,26,21,5,39,35,4,26,19,7,37,31,6,27,21,6,36,31,5,33,25,8,23,18,5,49,40,9,37,27,10,49,39,10,50,35,15,37,26,11,24,21,3,20,15,5,29,22,7,24,20,4,38,35,3,40,33,7,43,39,4,32,28,4,26,22,4,40,37,3,42,36,6,49,43,6,43,37,6,38,33,5,41,40,1,41,36,5,42,41,1,29,23,6,42,40,2,46,38,8,"chr9_131965699"
"chr9",135040465,135040465,1,"*",26,17,9,22,17,5,10,6,4,32,28,4,22,16,6,34,27,7,34,23,11,31,21,10,32,22,10,32,19,13,44,32,12,23,19,4,27,24,3,32,28,4,30,27,3,31,26,5,26,21,5,56,39,17,37,26,11,30,24,6,16,13,3,23,21,2,30,25,5,32,25,7,33,28,5,29,24,5,34,28,6,19,15,4,33,28,5,33,29,4,41,38,3,35,29,6,38,30,8,50,46,4,42,36,6,22,19,3,39,39,0,41,37,4,39,38,1,36,33,3,"chr9_135040465"
"chr9",135223949,135223949,1,"*",12,6,6,15,4,11,NA,NA,NA,12,5,7,13,7,6,12,4,8,16,9,7,17,8,9,31,18,13,14,7,7,18,12,6,17,10,7,17,10,7,12,5,7,NA,NA,NA,22,6,16,19,11,8,29,12,17,24,12,12,24,10,14,26,13,13,16,10,6,18,11,7,24,15,9,22,13,9,18,12,6,19,15,4,17,10,7,19,13,6,23,20,3,16,10,6,26,14,12,44,34,10,27,18,9,25,15,10,17,10,7,30,17,13,22,13,9,31,19,12,31,18,13,"chr9_135223949"
